Date,SecurityCode,SecurityName,LTP,52WeekHigh,Prev52WHighPrice,Prev52WHighDate,AllTimeHighPrice,AllTimeHighDate
2026-09-22,543083,09MPD,5.5,5.5,5.0,21 Sep 2026,5.5,22 Sep 2026
2026-09-22,544283,ACMESOLAR,458.9,476.4,464.0,21 Sep 2026,476.4,22 Sep 2026
2026-09-22,530745,ACSTECH,73.11,73.11,69.63,21 Sep 2026,73.11,22 Sep 2026
2026-09-22,532172,ADROITINFO,12.23,12.49,12.2,31 Oct 2025,416.0,07 Mar 2000
2026-09-22,526331,ADVMULT,72.29,72.29,68.85,21 Sep 2026,72.29,22 Sep 2026
2026-09-22,506947,ADVPETR-B,619.85,619.85,590.35,21 Sep 2026,619.85,22 Sep 2026
2026-09-22,500003,AEGISLOG,1423.15,1528.0,1500.0,21 Sep 2026,1528.0,22 Sep 2026
2026-09-22,544407,AEGISVOPAK,301.45,321.35,320.95,21 Sep 2026,321.35,22 Sep 2026
2026-09-22,544767,AFLTD,102.0,102.0,98.16,21 Sep 2026,102.0,22 Sep 2026
2026-09-22,539546,AGRIBIO,316.0,343.0,340.0,07 Sep 2026,343.0,22 Sep 2026
2026-09-22,544497,AHCL,29.04,29.04,27.52,21 Sep 2026,172.0,28 Nov 2025
2026-09-22,544425,AJCJEWEL,327.5,327.5,312.7,17 Sep 2026,327.5,22 Sep 2026
2026-09-22,544222,AKUMS,809.3,830.85,830.0,21 Sep 2026,1174.85,20 Aug 2024
2026-09-22,544037,AMIC,2481.25,2492.0,2408.0,15 Sep 2026,2492.0,22 Sep 2026
2026-09-22,532259,APARINDS,18239.35,19269.2,19127.45,21 Sep 2026,19269.2,22 Sep 2026
2026-09-22,544529,APPL,353.25,365.5,360.6,17 Sep 2026,446.8,07 May 2026
2026-09-22,544812,ATHARVA,119.2,119.2,118.9,11 Sep 2026,119.2,22 Sep 2026
2026-09-22,530889,AUDROC,19.74,19.74,19.36,21 Sep 2026,30.0,17 Aug 1995
2026-09-22,517230,AURIQUE,27.85,27.85,26.53,21 Sep 2026,140.0,20 Oct 1994
2026-09-22,519105,AVTNPL,98.32,99.99,96.79,03 Sep 2026,490.1,01 Aug 2011
2026-09-22,532989,BAFNAPH,335.5,335.5,328.95,21 Sep 2026,335.5,22 Sep 2026
2026-09-22,544369,BEEZAASAN,631.4,631.4,619.05,21 Sep 2026,631.4,22 Sep 2026
2026-09-22,544107,BLSE,329.45,339.95,331.35,31 Aug 2026,423.0,07 Feb 2024
2026-09-22,544484,BLUESTONE,932.8,948.05,926.7,13 Aug 2026,948.05,22 Sep 2026
2026-09-22,524370,BODALCHEM,193.1,205.7,199.95,21 Sep 2026,205.7,22 Sep 2026
2026-09-22,542934,CBPL,49.45,52.99,52.71,13 Aug 2026,160.0,20 Dec 2023
2026-09-22,544000,CCAL,45.85,45.85,44.96,21 Sep 2026,45.85,22 Sep 2026
2026-09-22,517544,CENTUM,4863.65,4897.95,4809.85,21 Sep 2026,4897.95,22 Sep 2026
2026-09-22,540310,CFL,91.62,95.31,90.78,21 Sep 2026,95.31,22 Sep 2026
2026-09-22,542678,CHCL,20.72,20.72,19.74,21 Sep 2026,62.9,23 May 2019
2026-09-22,543172,COSPOWER,3100.0,3102.4,2954.7,21 Sep 2026,3102.4,22 Sep 2026
2026-09-22,533260,CPCAP,151.5,160.0,158.45,21 Sep 2026,711.0,07 Oct 2010
2026-09-22,512093,CRANESSOFT,6.36,6.36,6.06,21 Sep 2026,1138.5,02 Sep 2005
2026-09-22,544440,CRYOGENIC,410.3,410.3,408.45,20 Aug 2026,410.3,22 Sep 2026
2026-09-22,538868,CSL,23.8,24.85,24.8,11 Sep 2026,51.0,15 Nov 2022
2026-09-22,544900,CSML,181.4,188.95,174.0,21 Sep 2026,188.95,22 Sep 2026
2026-09-22,544667,DACHEPALLI,97.88,98.05,98.0,10 Sep 2026,98.05,22 Sep 2026
2026-09-22,543651,DAPS,25.45,27.19,26.5,31 Aug 2026,59.85,14 Nov 2022
2026-09-22,519413,DATIWARE,68.89,68.89,65.62,21 Sep 2026,68.89,22 Sep 2026
2026-09-22,544201,DFPL,25.85,25.85,25.41,23 Sep 2025,144.2,05 Jul 2024
2026-09-22,500089,DICIND,661.8,667.2,641.55,18 Sep 2026,833.0,21 Oct 2024
2026-09-22,522261,DOLPHIN,727.7,743.65,741.65,07 Sep 2026,1826.85,24 Jan 2024
2026-09-22,531471,DUKEOFS,77.71,77.71,76.19,21 Sep 2026,171.0,10 Apr 2017
2026-09-22,532922,EDELWEISS,141.2,144.25,142.95,21 Sep 2026,1795.0,02 Jan 2008
2026-09-22,532178,ENGINERSIN,302.9,304.8,289.6,01 Sep 2026,2599.0,25 Mar 2010
2026-09-22,544332,FABCLEAN,546.4,547.95,515.0,21 Sep 2026,547.95,22 Sep 2026
2026-09-22,511628,FEDDERSHOL,63.47,72.79,63.56,21 Sep 2026,1164.0,17 Sep 2024
2026-09-22,526227,FILATEX,101.22,105.54,102.96,21 Sep 2026,251.35,05 Jan 2018
2026-09-22,532379,FIRSTFIN,11.28,11.36,10.82,21 Sep 2026,64.0,20 Oct 2011
2026-09-22,543312,FOCUS,250.0,250.0,230.0,21 Sep 2026,250.0,22 Sep 2026
2026-09-22,519242,FRESITA,150.88,150.88,143.7,21 Sep 2026,330.7,10 Nov 2022
2026-09-22,513108,GANDHITUBE,1002.3,1048.0,1020.25,29 Sep 2025,1048.0,22 Sep 2026
2026-09-22,538787,GBFL,12.47,14.56,12.89,27 Mar 2026,560.1,17 Apr 2015
2026-09-22,531463,GBLINFRA,112.61,112.61,110.41,21 Sep 2026,120.65,29 Jan 2018
2026-09-22,543324,GCSL,638.45,642.75,639.25,21 Sep 2026,875.0,31 Dec 2024
2026-09-22,513343,GFSTEELS,24.89,24.89,23.71,21 Sep 2026,117.5,24 Aug 1992
2026-09-22,544913,GLASSWALL,309.35,318.0,305.8,21 Sep 2026,318.0,22 Sep 2026
2026-09-22,542850,GOBLIN,16.33,17.99,17.57,26 Sep 2025,133.95,08 Nov 2019
2026-09-22,590159,GROWWLIQID,110.85,110.85,110.84,21 Sep 2026,110.85,22 Sep 2026
2026-09-22,500178,HARCR,35.83,35.83,35.13,21 Sep 2026,80.0,31 Mar 1992
2026-09-22,543973,HDFCLIQUID,1078.92,1078.92,1078.2,17 Sep 2026,1078.92,22 Sep 2026
2026-09-22,544741,HIGHNESS,223.85,223.85,223.25,10 Sep 2026,223.85,22 Sep 2026
2026-09-22,526717,HPBL,385.95,403.6,397.0,21 Sep 2026,1286.95,19 Oct 2021
2026-09-22,543916,HSIL,586.8,594.0,498.0,21 Sep 2026,594.0,22 Sep 2026
2026-09-22,532907,IL&FSENGG,42.0,44.46,42.43,21 Sep 2026,1144.25,19 Nov 2007
2026-09-22,532614,IMPEXFERRO,5.65,5.65,5.54,21 Sep 2026,48.4,09 Feb 2005
2026-09-22,544837,INDOMIM,1231.7,1248.0,1163.6,21 Sep 2026,1248.0,22 Sep 2026
2026-09-22,500207,INDORAMA,103.57,112.31,109.3,21 Sep 2026,175.0,30 Mar 1992
2026-09-22,532305,INDSWFTLAB,405.9,417.0,403.0,09 Sep 2026,417.0,22 Sep 2026
2026-09-22,544567,INFINITY,550.0,550.0,545.0,16 Sep 2026,550.0,22 Sep 2026
2026-09-22,544067,INNOVACAP,1222.95,1239.95,1230.35,15 Sep 2026,1259.0,08 Jan 2025
2026-09-22,524494,IPCALAB,1992.2,2039.3,2039.15,18 Sep 2026,2767.1,15 Sep 2021
2026-09-22,507580,IVP,229.4,231.9,225.15,10 Sep 2026,350.0,13 Apr 1992
2026-09-22,543860,JAFINANCE,141.95,145.85,143.99,13 Feb 2026,178.55,19 May 2025
2026-09-22,505212,JAINEX,198.0,198.0,193.74,18 Nov 2025,286.0,20 Dec 2024
2026-09-22,544402,JASH,585.45,600.55,597.05,21 Sep 2026,647.45,22 Jul 2025
2026-09-22,539225,JIYAECO,12.95,12.95,12.34,17 Sep 2026,158.0,30 May 2018
2026-09-22,543994,JSWINFRA,367.85,375.25,356.4,18 Sep 2026,375.25,22 Sep 2026
2026-09-22,532741,KAMDHENU,41.6,43.81,43.23,21 Sep 2026,672.15,13 Sep 2024
2026-09-22,544911,KANOHAR,870.65,905.5,885.65,17 Sep 2026,905.5,22 Sep 2026
2026-09-22,544917,KARAMTARA,364.75,381.2,378.2,18 Sep 2026,381.2,22 Sep 2026
2026-09-22,544398,KENRIK,14.0,14.5,14.4,15 Sep 2026,27.57,12 May 2025
2026-09-22,507180,KESARENT,12.97,12.97,12.72,21 Sep 2026,279.75,10 Apr 2006
2026-09-22,524520,KMCSHIL,159.8,166.6,163.0,21 Sep 2026,166.6,22 Sep 2026
2026-09-22,544253,KROSS,255.6,262.75,261.6,21 Sep 2026,271.0,16 Sep 2024
2026-09-22,540222,LAURUSLABS,2005.1,2032.5,2023.0,21 Sep 2026,2032.5,22 Sep 2026
2026-09-22,590139,LIQUID1,1123.66,1123.68,1123.53,21 Sep 2026,1123.68,22 Sep 2026
2026-09-22,544159,LIQUIDADD,1145.79,1145.79,1145.64,21 Sep 2026,1145.79,22 Sep 2026
2026-09-22,544182,LIQUIDBETF,1099.78,1099.78,1099.65,21 Sep 2026,1099.78,22 Sep 2026
2026-09-22,531515,MAHANIN,19.84,19.84,18.9,21 Sep 2026,45.9,08 Jul 1996
2026-09-22,531680,MAYUR,44.21,45.54,44.25,21 Sep 2026,164.25,13 Sep 2010
2026-09-22,532629,MBECL,429.97,429.97,421.54,21 Sep 2026,429.97,22 Sep 2026
2026-09-22,544826,MILLWORKS,1286.45,1294.0,1266.0,21 Sep 2026,1294.0,22 Sep 2026
2026-09-22,521244,MKPMOB,177.0,177.8,169.35,21 Sep 2026,348.6,06 Aug 2024
2026-09-22,543563,MOHEALTH,52.8,54.22,53.99,21 Sep 2026,54.22,22 Sep 2026
2026-09-22,505797,MPCOSEMB,36.76,38.68,37.92,21 Sep 2026,100.0,27 Mar 1992
2026-09-22,532470,MPFSL,8.06,8.06,7.68,21 Sep 2026,96.09,14 Oct 2024
2026-09-22,531289,NATFIT,307.45,329.85,314.2,21 Sep 2026,329.85,22 Sep 2026
2026-09-22,508867,NEWMKTAVE,73.92,73.92,70.4,21 Sep 2026,73.92,22 Sep 2026
2026-09-22,539200,NOBPOL,15.36,15.36,15.06,21 Sep 2026,129.6,12 Aug 2015
2026-09-22,524414,NORRIS,19.69,19.71,19.63,08 Jul 2026,36.75,14 Feb 2022
2026-09-22,544735,NOVUS,213.05,228.0,224.0,15 Sep 2026,228.0,22 Sep 2026
2026-09-22,500078,OAL,556.35,572.0,563.55,21 Sep 2026,1389.95,21 Dec 2017
2026-09-22,524372,ORCHPHARMA,1107.2,1142.65,1130.0,11 Aug 2026,2680.0,05 Apr 2021
2026-09-22,544330,PARMESHWAR,341.5,344.4,342.85,10 Sep 2026,344.4,22 Sep 2026
2026-09-22,517172,PERVASIVE,10.78,10.78,10.57,21 Sep 2026,35.0,03 Nov 1992
2026-09-22,544383,PPARIVAH,297.75,305.0,303.0,21 Sep 2026,305.0,22 Sep 2026
2026-09-22,544844,PPEL,748.9,753.0,729.9,21 Sep 2026,753.0,22 Sep 2026
2026-09-22,519299,PRIMIND,65.86,65.86,62.73,21 Sep 2026,282.95,04 Mar 2024
2026-09-22,526494,PROMACT,15.47,15.47,14.74,21 Sep 2026,28.0,27 Jul 2005
2026-09-22,544932,QAL,63.65,66.99,,,66.99,22 Sep 2026
2026-09-22,511116,QUADRANT,0.86,0.86,0.82,21 Sep 2026,290.0,02 Feb 1994
2026-09-22,539515,QUINT,80.34,80.34,76.54,21 Sep 2026,638.05,04 Mar 2022
2026-09-22,500357,RAMAPPR-B,17.48,17.78,17.7,21 Sep 2026,108.8,10 Oct 2011
2026-09-22,544803,RAMBHAJO,283.9,308.25,308.0,21 Sep 2026,308.25,22 Sep 2026
2026-09-22,500330,RAYMOND,1113.65,1195.3,1121.8,15 Sep 2026,3493.0,08 Jul 2024
2026-09-22,540065,RBLBANK,422.95,424.15,420.35,09 Sep 2026,716.55,28 May 2019
2026-09-22,544755,RECODE,396.9,396.9,380.0,15 Sep 2026,396.9,22 Sep 2026
2026-09-22,513043,REMIEDEL,264.3,272.5,272.4,21 Sep 2026,272.5,22 Sep 2026
2026-09-22,502448,ROLLT,6.2,6.2,5.91,21 Sep 2026,950.0,31 Mar 1992
2026-09-22,544294,ROSSTECH,1494.9,1530.0,1464.0,18 Sep 2026,1530.0,22 Sep 2026
2026-09-22,530179,RSCINT,94.87,94.87,93.01,21 Sep 2026,94.87,22 Sep 2026
2026-09-22,544731,RSL,187.6,201.5,201.0,21 Sep 2026,201.5,22 Sep 2026
2026-09-22,543897,SANCODE,747.0,747.0,732.4,21 Sep 2026,747.0,22 Sep 2026
2026-09-22,543358,SANSERA,4598.45,4630.0,4320.0,21 Sep 2026,4630.0,22 Sep 2026
2026-09-22,538992,SAPL,7047.75,7118.75,6858.9,21 Sep 2026,7118.75,22 Sep 2026
2026-09-22,544685,SHADOWFAX,283.25,287.95,274.7,21 Sep 2026,287.95,22 Sep 2026
2026-09-22,544933,SHAKTIPOLY,57.08,61.4,,,61.4,22 Sep 2026
2026-09-22,524336,SHHARICH,309.4,309.4,300.95,10 Sep 2026,309.4,22 Sep 2026
2026-09-22,544607,SHTL,161.42,171.0,150.0,21 Sep 2026,171.0,22 Sep 2026
2026-09-22,543299,SHYAMMETL,1091.65,1119.85,1115.95,31 Aug 2026,1119.85,22 Sep 2026
2026-09-22,532408,SIGMAADV,948.85,953.0,908.05,21 Sep 2026,953.0,22 Sep 2026
2026-09-22,513472,SIMPLEXCAS,139.4,140.1,134.5,21 Sep 2026,623.5,02 Dec 2025
2026-09-22,540269,SKL,12.6,12.6,12.2,21 Sep 2026,19.4,16 Jan 2018
2026-09-22,541799,SMEL,24.36,24.36,23.2,21 Sep 2026,39.3,07 Feb 2023
2026-09-22,505192,SMLMAH,6711.85,6764.0,6652.0,15 Sep 2026,6764.0,22 Sep 2026
2026-09-22,532815,SMSPHARMA,482.95,494.4,482.45,15 Sep 2026,1038.0,07 Dec 2015
2026-09-22,521036,SOURCEIND,60.97,60.97,59.78,21 Sep 2026,60.97,22 Sep 2026
2026-09-22,544386,SPECTRUM,3391.4,3394.25,3289.95,16 Sep 2026,3394.25,22 Sep 2026
2026-09-22,532842,SRHHYPOLTD,602.0,671.0,627.4,21 Sep 2026,950.8,15 Sep 2022
2026-09-22,521178,SRMCL,63.66,64.99,64.8,16 Jul 2026,199.95,07 Aug 2002
2026-09-22,513262,SSWL,364.05,389.35,383.9,11 Sep 2026,1990.0,01 Sep 2021
2026-09-22,526231,STDSFAC,174.58,174.58,166.27,21 Sep 2026,174.58,22 Sep 2026
2026-09-22,544914,STEAMHOUSE,112.21,112.95,107.49,21 Sep 2026,112.95,22 Sep 2026
2026-09-22,513517,STEELCAS,350.7,374.75,373.35,19 Aug 2026,1275.25,30 Jul 2025
2026-09-22,544395,STLNETWORK,47.31,47.31,45.06,21 Sep 2026,47.31,22 Sep 2026
2026-09-22,543373,SVRL,581.0,581.15,565.0,21 Sep 2026,581.15,22 Sep 2026
2026-09-22,543573,SYRMA,1744.2,1803.6,1764.95,18 Sep 2026,1803.6,22 Sep 2026
2026-09-22,539956,TAALTECH,1188.7,1237.4,1159.94,21 Sep 2026,5799.7,21 Sep 2026
2026-09-22,534369,TBZ,664.65,664.65,633.0,21 Sep 2026,664.65,22 Sep 2026
2026-09-22,544864,TECHNOCRAF,458.45,462.65,461.25,15 Sep 2026,462.65,22 Sep 2026
2026-09-22,543413,TEGA,2068.05,2174.0,2148.0,21 Sep 2026,2327.45,07 Nov 2024
2026-09-22,544544,TELGE,252.35,252.35,240.35,21 Sep 2026,252.35,22 Sep 2026
2026-09-22,544175,TGIF,104.65,126.95,111.0,07 Sep 2026,156.8,15 May 2024
2026-09-22,543616,TLL,404.75,421.0,371.0,21 Sep 2026,421.0,22 Sep 2026
2026-09-22,500422,TRANSCHEM,402.85,417.0,408.0,21 Sep 2026,417.0,22 Sep 2026
2026-09-22,508963,TRUSTWAVE,215.78,215.78,205.51,18 Sep 2026,215.78,22 Sep 2026
2026-09-22,531411,TUNITEX,1.59,1.59,1.55,06 Jan 2026,329.4,06 Apr 2011
2026-09-22,544322,UNIMECH,1732.05,1866.75,1705.0,21 Sep 2026,1866.75,22 Sep 2026
2026-09-22,544756,UNITEDPOLY,45.98,46.75,46.54,21 Sep 2026,46.75,22 Sep 2026
2026-09-22,543998,VALIANTLAB,124.51,131.0,130.0,11 Sep 2026,226.95,02 Feb 2024
2026-09-22,544931,VAMAWOVEN,323.95,341.0,,,341.0,22 Sep 2026
2026-09-22,541578,VARROC,866.8,910.45,895.6,01 Sep 2026,1177.45,03 Sep 2018
2026-09-22,505232,VELJAN,2020.0,2050.0,2007.3,21 Sep 2026,4200.0,28 Mar 2024
2026-09-22,544371,VIKRAMAR,134.3,134.3,111.92,21 Sep 2026,148.85,05 May 2025
2026-09-22,530477,VIKRAMTH,386.05,393.05,356.5,15 Sep 2026,393.05,22 Sep 2026
2026-09-22,509038,VOLLF,22.24,22.29,21.25,18 Sep 2026,40.55,14 Sep 2015
2026-09-22,517399,VXLINSTR,4.61,4.99,4.76,21 Sep 2026,424.0,23 Feb 2000
2026-09-22,532144,WELCORP,2734.15,2828.9,2791.1,21 Sep 2026,2828.9,22 Sep 2026
2026-09-22,533252,WELINV,2244.0,2244.0,2231.65,10 Sep 2026,2244.0,22 Sep 2026
2026-09-22,514162,WELSPUNLIV,222.25,224.0,218.15,21 Sep 2026,1007.15,14 Mar 2016
2026-09-22,544838,XTRANET,334.9,358.85,343.5,21 Sep 2026,358.85,22 Sep 2026
2026-09-22,538521,YAANENT,134.4,143.95,136.4,20 Aug 2026,143.95,22 Sep 2026
2026-09-22,544310,YASHHV,1123.65,1158.95,1128.75,21 Sep 2026,1158.95,22 Sep 2026
2026-09-22,544563,ZELIO,939.95,939.95,900.6,26 Aug 2026,939.95,22 Sep 2026
2026-09-23,543083,09MPD,6.05,6.05,5.5,22 Sep 2026,6.05,23 Sep 2026
2026-09-23,543748,AARTIPHARM,940.1,957.0,932.5,11 Aug 2026,971.5,17 Jul 2025
2026-09-23,530745,ACSTECH,76.76,76.76,73.11,22 Sep 2026,76.76,23 Sep 2026
2026-09-23,532172,ADROITINFO,13.63,14.15,12.49,22 Sep 2026,416.0,07 Mar 2000
2026-09-23,526331,ADVMULT,75.9,75.9,72.29,22 Sep 2026,75.9,23 Sep 2026
2026-09-23,506947,ADVPETR-B,650.8,650.8,619.85,22 Sep 2026,650.8,23 Sep 2026
2026-09-23,544743,AEROPLANE,205.55,211.3,210.0,03 Aug 2026,211.3,23 Sep 2026
2026-09-23,544767,AFLTD,104.7,104.7,102.0,22 Sep 2026,104.7,23 Sep 2026
2026-09-23,544497,AHCL,29.74,31.28,29.04,22 Sep 2026,172.0,28 Nov 2025
2026-09-23,544425,AJCJEWEL,343.85,343.85,327.5,22 Sep 2026,343.85,23 Sep 2026
2026-09-23,544222,AKUMS,823.7,839.25,830.85,22 Sep 2026,1174.85,20 Aug 2024
2026-09-23,544037,AMIC,2457.2,2505.0,2492.0,22 Sep 2026,2505.0,23 Sep 2026
2026-09-23,544921,ARCIL,150.5,152.9,141.6,17 Sep 2026,152.9,23 Sep 2026
2026-09-23,544812,ATHARVA,125.16,125.16,119.2,22 Sep 2026,125.16,23 Sep 2026
2026-09-23,530889,AUDROC,20.13,20.13,19.74,22 Sep 2026,30.0,17 Aug 1995
2026-09-23,517230,AURIQUE,29.24,29.24,27.85,22 Sep 2026,140.0,20 Oct 1994
2026-09-23,522005,AUSTENG,164.4,178.8,176.4,15 Jul 2026,267.8,07 Feb 2024
2026-09-23,519105,AVTNPL,96.94,101.8,99.99,22 Sep 2026,490.1,01 Aug 2011
2026-09-23,532989,BAFNAPH,342.2,342.2,335.5,22 Sep 2026,342.2,23 Sep 2026
2026-09-23,517246,BCCFUBA,276.15,279.8,273.8,15 Sep 2026,279.8,23 Sep 2026
2026-09-23,544468,BDI,119.95,122.8,114.5,19 Aug 2026,128.5,25 Aug 2025
2026-09-23,544369,BEEZAASAN,644.0,644.0,631.4,22 Sep 2026,644.0,23 Sep 2026
2026-09-23,544484,BLUESTONE,853.1,970.55,948.05,22 Sep 2026,970.55,23 Sep 2026
2026-09-23,541096,BPLPHARMA,1536.95,1646.95,1646.4,10 Sep 2026,1870.0,02 Dec 2024
2026-09-23,544000,CCAL,46.76,46.76,45.85,22 Sep 2026,46.76,23 Sep 2026
2026-09-23,517544,CENTUM,4831.3,5000.0,4897.95,22 Sep 2026,5000.0,23 Sep 2026
2026-09-23,540310,CFL,96.2,96.2,95.31,22 Sep 2026,96.2,23 Sep 2026
2026-09-23,542678,CHCL,21.75,21.75,20.72,22 Sep 2026,62.9,23 May 2019
2026-09-23,532941,CORDSCABLE,369.6,405.8,395.05,09 Sep 2026,405.8,23 Sep 2026
2026-09-23,512093,CRANESSOFT,6.67,6.67,6.36,22 Sep 2026,1138.5,02 Sep 2005
2026-09-23,526269,CRSTCHM,174.8,185.0,164.8,16 Sep 2026,350.0,03 Oct 2024
2026-09-23,544440,CRYOGENIC,402.1,418.3,410.3,22 Sep 2026,418.3,23 Sep 2026
2026-09-23,544900,CSML,185.2,190.0,188.95,22 Sep 2026,190.0,23 Sep 2026
2026-09-23,544667,DACHEPALLI,99.75,100.0,98.05,22 Sep 2026,100.0,23 Sep 2026
2026-09-23,519413,DATIWARE,65.45,72.33,68.89,22 Sep 2026,72.33,23 Sep 2026
2026-09-23,544201,DFPL,27.14,27.14,25.85,22 Sep 2026,144.2,05 Jul 2024
2026-09-23,500089,DICIND,663.1,670.0,667.2,22 Sep 2026,833.0,21 Oct 2024
2026-09-23,522261,DOLPHIN,721.95,749.0,743.65,22 Sep 2026,1826.85,24 Jan 2024
2026-09-23,531471,DUKEOFS,79.26,79.26,77.71,22 Sep 2026,171.0,10 Apr 2017
2026-09-23,505242,DYNAMATECH,12552.55,12960.0,12870.0,08 May 2026,12960.0,23 Sep 2026
2026-09-23,544455,EBGNG,715.2,728.85,712.65,15 Sep 2026,728.85,23 Sep 2026
2026-09-23,532922,EDELWEISS,142.0,146.0,144.25,22 Sep 2026,1795.0,02 Jan 2008
2026-09-23,532178,ENGINERSIN,306.1,309.45,304.8,22 Sep 2026,2599.0,25 Mar 2010
2026-09-23,544332,FABCLEAN,547.5,575.0,547.95,22 Sep 2026,575.0,23 Sep 2026
2026-09-23,526227,FILATEX,108.68,111.5,105.54,22 Sep 2026,251.35,05 Jan 2018
2026-09-23,532379,FIRSTFIN,11.49,11.84,11.36,22 Sep 2026,64.0,20 Oct 2011
2026-09-23,543312,FOCUS,275.0,275.0,250.0,22 Sep 2026,275.0,23 Sep 2026
2026-09-23,519242,FRESITA,158.42,158.42,150.88,22 Sep 2026,330.7,10 Nov 2022
2026-09-23,504697,GALADA,24.83,24.83,24.35,21 Sep 2026,110.0,19 Sep 1994
2026-09-23,530615,GARGFUR,207.65,207.65,207.0,15 Sep 2026,441.2,03 Sep 2024
2026-09-23,531463,GBLINFRA,114.86,114.86,112.61,22 Sep 2026,120.65,29 Jan 2018
2026-09-23,543324,GCSL,641.95,648.7,642.75,22 Sep 2026,875.0,31 Dec 2024
2026-09-23,513343,GFSTEELS,26.13,26.13,24.89,22 Sep 2026,117.5,24 Aug 1992
2026-09-23,500670,GNFC,623.0,628.0,619.0,18 Aug 2026,912.0,05 Apr 2022
2026-09-23,544682,GRERENEW,215.65,218.0,194.15,23 Jul 2026,218.0,23 Sep 2026
2026-09-23,590159,GROWWLIQID,110.87,110.87,110.85,22 Sep 2026,110.87,23 Sep 2026
2026-09-23,541627,GUJWIND,11.49,11.7,11.26,28 Aug 2026,30.0,23 Dec 2019
2026-09-23,500178,HARCR,36.54,36.54,35.83,22 Sep 2026,80.0,31 Mar 1992
2026-09-23,543973,HDFCLIQUID,1079.06,1079.06,1078.92,22 Sep 2026,1079.06,23 Sep 2026
2026-09-23,544936,HEROMOTORS,98.51,98.51,,,98.51,23 Sep 2026
2026-09-23,544741,HIGHNESS,228.3,228.3,223.85,22 Sep 2026,228.3,23 Sep 2026
2026-09-23,543916,HSIL,615.05,616.5,594.0,22 Sep 2026,616.5,23 Sep 2026
2026-09-23,521016,ICIL,476.25,486.15,473.75,31 Aug 2026,1248.45,08 Feb 2016
2026-09-23,539437,IDFCFIRSTB,87.89,89.58,88.7,27 Jul 2026,100.74,05 Sep 2023
2026-09-23,544309,IKS,1930.2,1969.0,1933.75,10 Jul 2026,2190.0,26 Dec 2024
2026-09-23,532614,IMPEXFERRO,5.76,5.76,5.65,22 Sep 2026,48.4,09 Feb 2005
2026-09-23,544837,INDOMIM,1251.3,1293.25,1248.0,22 Sep 2026,1293.25,23 Sep 2026
2026-09-23,544919,INFRAX,112.6,112.6,107.95,17 Sep 2026,112.6,23 Sep 2026
2026-09-23,544067,INNOVACAP,1299.35,1350.05,1239.95,22 Sep 2026,1350.05,23 Sep 2026
2026-09-23,544438,INTERNET,15.05,15.06,15.02,16 Oct 2025,16.12,10 Jul 2025
2026-09-23,504786,INVPRECQ,1422.9,1422.9,1407.65,11 Sep 2026,1620.05,02 May 2006
2026-09-23,507580,IVP,233.5,235.0,231.9,22 Sep 2026,350.0,13 Apr 1992
2026-09-23,505212,JAINEX,196.1,218.9,198.0,22 Sep 2026,286.0,20 Dec 2024
2026-09-23,514318,JATTAINDUS,605.8,664.0,652.0,10 Sep 2026,664.0,23 Sep 2026
2026-09-23,544935,JSIPL,127.99,127.99,,,127.99,23 Sep 2026
2026-09-23,544911,KANOHAR,907.6,938.0,905.5,22 Sep 2026,938.0,23 Sep 2026
2026-09-23,532054,KDDL,4254.65,4280.35,4150.0,05 Aug 2026,4280.35,23 Sep 2026
2026-09-23,507180,KESARENT,13.21,13.22,12.97,22 Sep 2026,279.75,10 Apr 2006
2026-09-23,524500,KILITCH,223.85,223.85,219.68,28 Oct 2025,500.05,28 May 2025
2026-09-23,524280,KOPRAN,279.3,287.6,286.5,21 Sep 2026,830.0,08 Feb 1994
2026-09-23,544253,KROSS,278.25,282.9,262.75,22 Sep 2026,282.9,23 Sep 2026
2026-09-23,500235,KSL,996.2,1032.0,1001.65,17 Sep 2026,1278.9,17 Dec 2024
2026-09-23,544879,LALITHAA,352.8,352.8,344.45,10 Sep 2026,352.8,23 Sep 2026
2026-09-23,540222,LAURUSLABS,2034.8,2037.45,2032.5,22 Sep 2026,2037.45,23 Sep 2026
2026-09-23,590139,LIQUID1,1123.82,1123.82,1123.68,22 Sep 2026,1123.82,23 Sep 2026
2026-09-23,544159,LIQUIDADD,1145.92,1145.94,1145.79,22 Sep 2026,1145.94,23 Sep 2026
2026-09-23,544182,LIQUIDBETF,1099.92,1099.92,1099.78,22 Sep 2026,1099.92,23 Sep 2026
2026-09-23,544469,LOTUSDEV,224.95,225.3,219.4,17 Sep 2026,225.3,23 Sep 2026
2026-09-23,532796,LUMAXTECH,2045.4,2187.75,2149.0,01 Sep 2026,2187.75,23 Sep 2026
2026-09-23,531515,MAHANIN,20.83,20.83,19.84,22 Sep 2026,45.9,08 Jul 1996
2026-09-23,513269,MANINDS,988.95,1005.7,945.0,10 Sep 2026,1005.7,23 Sep 2026
2026-09-23,505324,MANUGRAPH,23.41,24.2,24.0,29 Sep 2025,1000.0,05 Sep 2005
2026-09-23,531680,MAYUR,42.26,45.96,45.54,22 Sep 2026,164.25,13 Sep 2010
2026-09-23,531221,MAYURFL,20.66,21.0,20.4,23 Oct 2025,22.7,07 Oct 2022
2026-09-23,532629,MBECL,438.56,438.56,429.97,22 Sep 2026,438.56,23 Sep 2026
2026-09-23,544868,MILKYMIST,317.3,317.3,304.7,15 Sep 2026,317.3,23 Sep 2026
2026-09-23,544826,MILLWORKS,1234.15,1306.0,1294.0,22 Sep 2026,1306.0,23 Sep 2026
2026-09-23,521244,MKPMOB,185.85,185.85,177.8,22 Sep 2026,348.6,06 Aug 2024
2026-09-23,532470,MPFSL,8.46,8.46,8.06,22 Sep 2026,96.09,14 Oct 2024
2026-09-23,544916,MPIMANIPAL,373.3,405.5,358.85,21 Sep 2026,405.5,23 Sep 2026
2026-09-23,500460,MUKANDLTD,157.6,158.3,154.2,18 May 2026,500.0,02 Apr 1992
2026-09-23,531049,NEELKAN,62.88,65.63,63.0,11 Aug 2026,65.63,23 Sep 2026
2026-09-23,508867,NEWMKTAVE,77.61,77.61,73.92,22 Sep 2026,77.61,23 Sep 2026
2026-09-23,539200,NOBPOL,15.66,15.66,15.36,22 Sep 2026,129.6,12 Aug 2015
2026-09-23,500730,NOCIL,206.75,211.0,203.25,23 Jun 2026,3500.0,31 Mar 1992
2026-09-23,530367,NRBBEARING,540.85,548.95,538.7,21 Sep 2026,654.5,17 May 2006
2026-09-23,544748,ONEPOINT,68.57,70.5,66.0,29 May 2026,70.5,23 Sep 2026
2026-09-23,530135,OPTIEMUS,828.35,850.05,712.95,25 Sep 2025,873.65,26 Sep 2024
2026-09-23,500456,PASUPTAC,79.91,81.28,78.99,08 Jun 2026,81.28,23 Sep 2026
2026-09-23,544460,PATELCHEM,111.0,114.1,113.99,31 Aug 2026,120.89,17 Sep 2025
2026-09-23,534809,PCJEWELLER,14.49,14.87,14.45,08 Sep 2026,600.65,16 Jan 2018
2026-09-23,517119,PCS,30.79,31.06,30.61,13 Oct 2025,190.0,09 Feb 2000
2026-09-23,532808,PGIL,1300.0,1310.0,1285.83,10 Aug 2026,2571.65,10 Aug 2026
2026-09-23,544844,PPEL,790.2,794.1,753.0,22 Sep 2026,794.1,23 Sep 2026
2026-09-23,544912,PRASOLCHEM,741.25,746.5,734.3,18 Sep 2026,746.5,23 Sep 2026
2026-09-23,519299,PRIMIND,69.15,69.15,65.86,22 Sep 2026,282.95,04 Mar 2024
2026-09-23,544899,PRIORITY,262.05,268.0,248.25,07 Sep 2026,268.0,23 Sep 2026
2026-09-23,540703,PROCLB,48.0,49.95,48.9,22 Sep 2026,56.66,23 Dec 2024
2026-09-23,526494,PROMACT,16.24,16.24,15.47,22 Sep 2026,28.0,27 Jul 2005
2026-09-23,511116,QUADRANT,0.9,0.9,0.86,22 Sep 2026,290.0,02 Feb 1994
2026-09-23,539515,QUINT,84.35,84.35,80.34,22 Sep 2026,638.05,04 Mar 2022
2026-09-23,511185,RAJVI,31.31,31.31,29.82,18 Sep 2026,31.31,23 Sep 2026
2026-09-23,540065,RBLBANK,427.0,429.55,424.15,22 Sep 2026,716.55,28 May 2019
2026-09-23,544755,RECODE,416.7,416.7,396.9,22 Sep 2026,416.7,23 Sep 2026
2026-09-23,532805,REDINGTON,401.05,419.55,413.35,18 Sep 2026,458.0,03 Jan 2008
2026-09-23,531888,REXNORD,100.51,104.5,98.4,05 Jun 2026,175.0,29 May 2023
2026-09-23,532923,RGL,170.75,173.4,163.35,15 Sep 2026,1090.0,18 Jan 2022
2026-09-23,526492,RISHIROOP,139.3,141.45,134.7,26 Sep 2025,292.75,17 Oct 2024
2026-09-23,502448,ROLLT,6.38,6.51,6.2,22 Sep 2026,950.0,31 Mar 1992
2026-09-23,530179,RSCINT,96.76,96.76,94.87,22 Sep 2026,96.76,23 Sep 2026
2026-09-23,503169,RUBYMILLS,487.25,518.45,499.0,07 Sep 2026,10250.0,14 Oct 1992
2026-09-23,543897,SANCODE,761.9,761.9,747.0,22 Sep 2026,761.9,23 Sep 2026
2026-09-23,543358,SANSERA,4616.55,4744.0,4630.0,22 Sep 2026,4744.0,23 Sep 2026
2026-09-23,538992,SAPL,7400.1,7400.1,7118.75,22 Sep 2026,7400.1,23 Sep 2026
2026-09-23,541929,SGIL,670.1,695.0,660.0,24 Aug 2026,695.0,23 Sep 2026
2026-09-23,544685,SHADOWFAX,285.35,290.05,287.95,22 Sep 2026,290.05,23 Sep 2026
2026-09-23,544459,SHANTIGOLD,288.75,294.9,280.45,24 Aug 2026,294.9,23 Sep 2026
2026-09-23,524336,SHHARICH,324.85,324.85,309.4,22 Sep 2026,324.85,23 Sep 2026
2026-09-23,544490,SHREEJISPG,724.0,728.65,728.0,10 Sep 2026,728.65,23 Sep 2026
2026-09-23,544607,SHTL,177.24,177.56,171.0,22 Sep 2026,177.56,23 Sep 2026
2026-09-23,543299,SHYAMMETL,1106.85,1125.0,1119.85,22 Sep 2026,1125.0,23 Sep 2026
2026-09-23,532408,SIGMAADV,941.65,969.9,953.0,22 Sep 2026,969.9,23 Sep 2026
2026-09-23,513472,SIMPLEXCAS,140.4,146.5,140.1,22 Sep 2026,623.5,02 Dec 2025
2026-09-23,540269,SKL,13.0,13.0,12.6,22 Sep 2026,19.4,16 Jan 2018
2026-09-23,541799,SMEL,25.57,25.57,24.36,22 Sep 2026,39.3,07 Feb 2023
2026-09-23,505192,SMLMAH,6799.55,6885.45,6764.0,22 Sep 2026,6885.45,23 Sep 2026
2026-09-23,521036,SOURCEIND,62.18,62.18,60.97,22 Sep 2026,62.18,23 Sep 2026
2026-09-23,521178,SRMCL,65.45,66.7,64.99,22 Sep 2026,199.95,07 Aug 2002
2026-09-23,544934,SSRETAIL,765.15,766.9,,,766.9,23 Sep 2026
2026-09-23,526231,STDSFAC,183.3,183.3,174.58,22 Sep 2026,183.3,23 Sep 2026
2026-09-23,544914,STEAMHOUSE,110.97,113.59,112.95,22 Sep 2026,113.59,23 Sep 2026
2026-09-23,544395,STLNETWORK,49.67,49.67,47.31,22 Sep 2026,49.67,23 Sep 2026
2026-09-23,532348,SUBEXLTD,22.07,22.84,21.86,15 Sep 2026,887.0,14 Dec 2005
2026-09-23,544001,SUNITATOOL,1201.0,1222.0,1175.55,22 Sep 2026,1222.0,23 Sep 2026
2026-09-23,543373,SVRL,593.05,595.0,581.15,22 Sep 2026,595.0,23 Sep 2026
2026-09-23,533107,SWANDEF,2747.75,2800.0,2770.0,22 Sep 2026,2800.0,23 Sep 2026
2026-09-23,534369,TBZ,693.2,697.85,664.65,22 Sep 2026,697.85,23 Sep 2026
2026-09-23,544864,TECHNOCRAF,475.65,482.0,462.65,22 Sep 2026,482.0,23 Sep 2026
2026-09-23,544544,TELGE,264.95,264.95,252.35,22 Sep 2026,264.95,23 Sep 2026
2026-09-23,505400,TEXINFRA,123.5,126.55,122.15,07 Sep 2026,1965.5,02 Jan 2008
2026-09-23,507205,TI,601.45,608.1,593.95,25 Aug 2026,608.1,23 Sep 2026
2026-09-23,500414,TIMEX,728.7,747.65,729.0,18 Sep 2026,747.65,23 Sep 2026
2026-09-23,544740,TIPCO,289.2,304.0,299.0,08 Sep 2026,304.0,23 Sep 2026
2026-09-23,531411,TUNITEX,1.66,1.66,1.59,22 Sep 2026,329.4,06 Apr 2011
2026-09-23,505232,VELJAN,2075.75,2085.1,2050.0,22 Sep 2026,4200.0,28 Mar 2024
2026-09-23,543350,VIJAYA,1567.85,1592.0,1576.9,09 Sep 2026,1592.0,23 Sep 2026
2026-09-23,544371,VIKRAMAR,147.73,147.73,134.3,22 Sep 2026,148.85,05 May 2025
2026-09-23,530477,VIKRAMTH,426.8,440.0,393.05,22 Sep 2026,440.0,23 Sep 2026
2026-09-23,530177,VKGLOBAL,31.52,33.6,33.14,06 Oct 2025,70.0,08 Sep 1995
2026-09-23,509038,VOLLF,22.25,23.35,22.29,22 Sep 2026,40.55,14 Sep 2015
2026-09-23,532144,WELCORP,2796.05,2837.0,2828.9,22 Sep 2026,2837.0,23 Sep 2026
2026-09-23,533252,WELINV,2270.0,2288.85,2244.0,22 Sep 2026,2288.85,23 Sep 2026
2026-09-23,514162,WELSPUNLIV,223.7,233.15,224.0,22 Sep 2026,1007.15,14 Mar 2016
2026-09-23,538521,YAANENT,136.7,146.95,143.95,22 Sep 2026,146.95,23 Sep 2026
2026-09-23,522108,YUKEN,1136.8,1148.7,1148.55,16 Sep 2026,4990.0,30 Jan 2018
2026-09-23,544563,ZELIO,986.9,986.9,939.95,22 Sep 2026,986.9,23 Sep 2026
2026-09-25,543083,09MPD,7.31,7.31,6.65,24 Sep 2026,7.31,25 Sep 2026
2026-09-25,543748,AARTIPHARM,938.95,962.0,957.0,23 Sep 2026,971.5,17 Jul 2025
2026-09-25,544203,ABDL,715.2,753.6,723.15,24 Sep 2026,753.6,25 Sep 2026
2026-09-25,538935,ABHIFIN,69.8,73.5,73.0,24 Sep 2026,79.41,16 Oct 2024
2026-09-25,544710,ACCORDTS,86.04,88.5,80.01,06 May 2026,88.5,25 Sep 2026
2026-09-25,530745,ACSTECH,84.59,84.59,80.59,24 Sep 2026,84.59,25 Sep 2026
2026-09-25,526331,ADVMULT,95.62,95.62,79.69,24 Sep 2026,95.62,25 Sep 2026
2026-09-25,506947,ADVPETR-B,714.95,717.0,683.3,24 Sep 2026,717.0,25 Sep 2026
2026-09-25,544743,AEROPLANE,209.1,211.75,211.3,23 Sep 2026,211.75,25 Sep 2026
2026-09-25,543534,AETHER,1768.1,1796.8,1716.3,28 Aug 2026,1796.8,25 Sep 2026
2026-09-25,544497,AHCL,31.61,31.62,31.28,23 Sep 2026,172.0,28 Nov 2025
2026-09-25,544425,AJCJEWEL,379.05,379.05,361.0,24 Sep 2026,379.05,25 Sep 2026
2026-09-25,531400,ALMONDZ,21.38,21.61,20.4,24 Sep 2026,175.0,22 Jul 2024
2026-09-25,501270,ANTARIKSH,17.82,17.82,17.48,24 Sep 2026,17.82,25 Sep 2026
2026-09-25,530075,ANTELOPUS,1263.25,1288.0,1216.0,09 Sep 2026,1288.0,25 Sep 2026
2026-09-25,542919,ARTEMISMED,358.0,378.4,361.5,10 Sep 2026,414.4,22 Sep 2021
2026-09-25,530889,AUDROC,20.94,20.94,20.53,24 Sep 2026,30.0,17 Aug 1995
2026-09-25,517230,AURIQUE,32.23,32.23,30.7,24 Sep 2026,140.0,20 Oct 1994
2026-09-25,532989,BAFNAPH,355.95,355.95,349.0,24 Sep 2026,355.95,25 Sep 2026
2026-09-25,544758,BAGMANE,111.48,111.76,111.5,17 Sep 2026,111.76,25 Sep 2026
2026-09-25,517246,BCCFUBA,294.25,297.0,286.0,24 Sep 2026,297.0,25 Sep 2026
2026-09-25,544369,BEEZAASAN,669.95,669.95,656.85,24 Sep 2026,669.95,25 Sep 2026
2026-09-25,504646,BGWTATO,737.25,737.25,733.9,24 Jul 2026,737.25,25 Sep 2026
2026-09-25,530803,BHAGERIA,393.9,394.7,374.55,21 Sep 2026,711.35,25 Oct 2016
2026-09-25,544414,BLUSPRING,144.95,146.6,142.35,24 Sep 2026,146.6,25 Sep 2026
2026-09-25,541096,BPLPHARMA,1895.1,1895.1,1646.95,23 Sep 2026,1895.1,25 Sep 2026
2026-09-25,538546,BRPL,167.1,174.0,163.9,31 Aug 2026,174.0,25 Sep 2026
2026-09-25,524440,CAMEXLTD,53.82,55.95,54.4,11 Sep 2026,78.85,24 Jun 2024
2026-09-25,512169,CAPRICORN,31.99,32.0,31.41,16 Sep 2026,240.0,16 Jun 2005
2026-09-25,532701,CELLA,43.87,45.0,44.7,10 Sep 2026,45.0,25 Sep 2026
2026-09-25,540310,CFL,102.78,104.75,101.0,24 Sep 2026,104.75,25 Sep 2026
2026-09-25,542678,CHCL,22.62,22.62,22.18,24 Sep 2026,62.9,23 May 2019
2026-09-25,544442,CHEMKART,233.9,233.9,231.0,16 Oct 2025,262.0,14 Jul 2025
2026-09-25,512093,CRANESSOFT,7.08,7.08,7.0,24 Sep 2026,1138.5,02 Sep 2005
2026-09-25,544900,CSML,203.2,206.0,190.0,23 Sep 2026,206.0,25 Sep 2026
2026-09-25,526027,CUBEXTUB,152.16,152.16,143.82,30 Dec 2025,152.16,25 Sep 2026
2026-09-25,544201,DFPL,27.07,29.8,28.49,24 Sep 2026,144.2,05 Jul 2024
2026-09-25,531471,DUKEOFS,82.45,82.45,80.84,24 Sep 2026,171.0,10 Apr 2017
2026-09-25,505242,DYNAMATECH,13146.2,13280.0,12960.0,23 Sep 2026,13280.0,25 Sep 2026
2026-09-25,531144,ELFORGE,23.78,24.44,21.74,24 Jun 2026,136.7,12 Sep 2005
2026-09-25,532178,ENGINERSIN,315.7,318.75,309.45,23 Sep 2026,2599.0,25 Mar 2010
2026-09-25,544907,FINANCE,36.0,36.0,30.0,24 Sep 2026,36.0,25 Sep 2026
2026-09-25,532379,FIRSTFIN,11.96,12.66,12.06,24 Sep 2026,64.0,20 Oct 2011
2026-09-25,519242,FRESITA,158.03,174.65,166.34,24 Sep 2026,330.7,10 Nov 2022
2026-09-25,530615,GARGFUR,228.9,228.9,218.0,24 Sep 2026,441.2,03 Sep 2024
2026-09-25,531463,GBLINFRA,119.49,119.49,117.15,24 Sep 2026,120.65,29 Jan 2018
2026-09-25,513343,GFSTEELS,28.8,28.8,27.43,24 Sep 2026,117.5,24 Aug 1992
2026-09-25,500670,GNFC,629.95,635.85,634.7,24 Sep 2026,912.0,05 Apr 2022
2026-09-25,590159,GROWWLIQID,110.91,110.92,110.88,24 Sep 2026,110.92,25 Sep 2026
2026-09-25,500178,HARCR,38.01,38.01,37.27,24 Sep 2026,80.0,31 Mar 1992
2026-09-25,543973,HDFCLIQUID,1079.64,1079.64,1079.21,24 Sep 2026,1079.64,25 Sep 2026
2026-09-25,544936,HEROMOTORS,141.85,141.85,118.21,24 Sep 2026,141.85,25 Sep 2026
2026-09-25,544741,HIGHNESS,237.5,237.5,232.85,24 Sep 2026,237.5,25 Sep 2026
2026-09-25,526717,HPBL,401.9,405.0,403.6,22 Sep 2026,1286.95,19 Oct 2021
2026-09-25,532614,IMPEXFERRO,5.98,5.98,5.87,24 Sep 2026,48.4,09 Feb 2005
2026-09-25,544172,INDGN,609.55,621.9,616.0,31 Aug 2026,736.6,01 Oct 2024
2026-09-25,544837,INDOMIM,1275.35,1355.9,1313.85,24 Sep 2026,1355.9,25 Sep 2026
2026-09-25,544919,INFRAX,124.1,124.1,118.2,24 Sep 2026,124.1,25 Sep 2026
2026-09-25,504786,INVPRECQ,1480.35,1480.35,1451.35,24 Sep 2026,1620.05,02 May 2006
2026-09-25,507580,IVP,229.5,237.9,235.0,23 Sep 2026,350.0,13 Apr 1992
2026-09-25,544935,JSIPL,141.09,141.09,134.38,24 Sep 2026,141.09,25 Sep 2026
2026-09-25,524109,KABRAEXTRU,846.35,846.35,806.05,24 Sep 2026,846.35,25 Sep 2026
2026-09-25,506525,KANORICHEM,199.3,200.0,192.25,24 Sep 2026,219.7,22 Sep 2021
2026-09-25,537784,KCSL,14.54,14.54,13.22,15 Sep 2026,30.0,18 Mar 2014
2026-09-25,539408,KUBERJI,57.0,57.9,56.22,01 Sep 2026,95.0,25 Jan 2017
2026-09-25,544895,KWICK,172.93,186.68,184.78,24 Sep 2026,186.68,25 Sep 2026
2026-09-25,544879,LALITHAA,366.3,388.9,370.4,24 Sep 2026,388.9,25 Sep 2026
2026-09-25,590075,LAMBODHARA,145.75,154.55,152.0,26 Sep 2025,1120.0,14 Aug 2015
2026-09-25,544839,LCL,595.3,608.35,604.0,26 Aug 2026,608.35,25 Sep 2026
2026-09-25,590139,LIQUID1,1124.41,1124.42,1123.97,24 Sep 2026,1124.42,25 Sep 2026
2026-09-25,544159,LIQUIDADD,1146.52,1146.54,1146.09,24 Sep 2026,1146.54,25 Sep 2026
2026-09-25,531515,MAHANIN,22.96,22.96,21.87,24 Sep 2026,45.9,08 Jul 1996
2026-09-25,513269,MANINDS,1021.55,1039.8,1005.7,23 Sep 2026,1039.8,25 Sep 2026
2026-09-25,540401,MAXIMUS,15.15,16.0,15.2,22 Sep 2026,480.5,23 Sep 2022
2026-09-25,532629,MBECL,456.27,456.27,447.33,24 Sep 2026,456.27,25 Sep 2026
2026-09-25,538401,METSL,175.6,187.6,170.75,18 Sep 2026,262.15,02 Jan 2025
2026-09-25,521244,MKPMOB,200.4,203.95,195.1,24 Sep 2026,348.6,06 Aug 2024
2026-09-25,532470,MPFSL,8.88,8.88,8.46,23 Sep 2026,96.09,14 Oct 2024
2026-09-25,500460,MUKANDLTD,166.95,167.85,161.5,24 Sep 2026,500.0,02 Apr 1992
2026-09-25,543280,NAZARA,377.0,384.45,380.0,24 Sep 2026,3354.4,11 Oct 2021
2026-09-25,508867,NEWMKTAVE,85.56,85.56,81.49,24 Sep 2026,85.56,25 Sep 2026
2026-09-25,539200,NOBPOL,16.28,16.28,15.97,24 Sep 2026,129.6,12 Aug 2015
2026-09-25,524414,NORRIS,18.7,20.06,19.71,22 Sep 2026,36.75,14 Feb 2022
2026-09-25,544735,NOVUS,227.7,237.75,228.0,22 Sep 2026,237.75,25 Sep 2026
2026-09-25,543997,ORGANICREC,197.45,202.95,200.07,12 Nov 2025,400.0,20 Dec 2024
2026-09-25,531779,PADALPO,20.95,23.0,22.9,21 Sep 2026,88.7,25 Jan 2023
2026-09-25,539469,PANORAMA,60.6,60.9,60.06,10 Oct 2025,1199.0,30 Jul 2024
2026-09-25,500456,PASUPTAC,76.13,83.8,81.28,23 Sep 2026,83.8,25 Sep 2026
2026-09-25,517172,PERVASIVE,11.2,11.2,10.99,24 Sep 2026,35.0,03 Nov 1992
2026-09-25,532808,PGIL,1327.85,1353.0,1328.8,24 Sep 2026,2571.65,10 Aug 2026
2026-09-25,500143,PHCAP,1169.0,1173.2,1158.9,01 Sep 2026,1173.2,25 Sep 2026
2026-09-25,544383,PPARIVAH,299.0,306.0,305.0,22 Sep 2026,306.0,25 Sep 2026
2026-09-25,544844,PPEL,815.85,822.0,794.1,23 Sep 2026,822.0,25 Sep 2026
2026-09-25,544538,PRARUH,163.15,163.15,158.0,21 Sep 2026,163.15,25 Sep 2026
2026-09-25,544912,PRASOLCHEM,755.35,768.0,750.0,24 Sep 2026,768.0,25 Sep 2026
2026-09-25,519299,PRIMIND,76.23,76.23,72.6,24 Sep 2026,282.95,04 Mar 2024
2026-09-25,544899,PRIORITY,310.4,328.8,313.0,24 Sep 2026,328.8,25 Sep 2026
2026-09-25,526494,PROMACT,16.2,17.9,17.05,24 Sep 2026,28.0,27 Jul 2005
2026-09-25,544091,QLL,621.0,650.0,647.6,24 Sep 2026,650.0,25 Sep 2026
2026-09-25,544336,QUADFUTURE,546.85,559.6,554.7,18 Sep 2026,743.45,06 Feb 2025
2026-09-25,539515,QUINT,84.14,92.98,88.56,24 Sep 2026,638.05,04 Mar 2022
2026-09-25,511185,RAJVI,32.87,32.87,31.31,23 Sep 2026,32.87,25 Sep 2026
2026-09-25,500330,RAYMOND,1198.9,1222.15,1220.0,24 Sep 2026,3493.0,08 Jul 2024
2026-09-25,544420,RAYMONDREL,712.05,741.9,734.5,13 Jul 2026,1055.2,01 Jul 2025
2026-09-25,524218,RESONANCE,191.75,191.75,188.5,12 Aug 2026,254.95,14 Sep 2021
2026-09-25,531888,REXNORD,104.42,109.5,106.55,24 Sep 2026,175.0,29 May 2023
2026-09-25,526861,RISHILASE,151.85,155.0,149.95,17 Sep 2026,206.0,08 Jan 2008
2026-09-25,517286,RNITAI,106.47,109.79,105.43,24 Sep 2026,120.0,17 Oct 1994
2026-09-25,543325,ROLEXRINGS,195.35,196.55,189.55,21 Aug 2026,2788.95,27 Sep 2024
2026-09-25,532983,RPGLIFE,3036.1,3130.5,3080.9,21 Jul 2026,3130.5,25 Sep 2026
2026-09-25,530179,RSCINT,100.66,100.66,98.69,24 Sep 2026,100.66,25 Sep 2026
2026-09-25,532604,SALSTEEL,93.5,93.5,89.05,24 Sep 2026,93.5,25 Sep 2026
2026-09-25,544314,SANATHAN,523.3,544.55,542.7,24 Sep 2026,564.0,21 Jul 2025
2026-09-25,543897,SANCODE,770.0,777.1,761.9,23 Sep 2026,777.1,25 Sep 2026
2026-09-25,538992,SAPL,8024.1,8158.5,7770.1,24 Sep 2026,8158.5,25 Sep 2026
2026-09-25,542725,SBC,52.89,53.63,49.96,21 Sep 2026,208.1,11 Jan 2022
2026-09-25,544723,SEDEMAC,3435.85,3480.35,3366.0,21 Aug 2026,3480.35,25 Sep 2026
2026-09-25,544459,SHANTIGOLD,325.6,333.0,294.9,23 Sep 2026,333.0,25 Sep 2026
2026-09-25,533301,SHEKHAWATI,27.87,27.87,26.55,24 Sep 2026,85.17,10 Sep 2024
2026-09-25,524336,SHHARICH,349.55,352.05,340.9,24 Sep 2026,352.05,25 Sep 2026
2026-09-25,544165,SHIVAM,134.0,139.0,130.4,20 Mar 2026,139.0,25 Sep 2026
2026-09-25,544490,SHREEJISPG,752.7,754.95,728.9,24 Sep 2026,754.95,25 Sep 2026
2026-09-25,544810,SILL,114.0,117.0,116.0,21 Sep 2026,117.0,25 Sep 2026
2026-09-25,540269,SKL,14.0,14.0,13.5,24 Sep 2026,19.4,16 Jan 2018
2026-09-25,505192,SMLMAH,6824.1,6889.95,6885.45,23 Sep 2026,6889.95,25 Sep 2026
2026-09-25,531548,SOMANYCERA,617.95,622.0,608.0,24 Sep 2026,973.8,05 Jan 2018
2026-09-25,521036,SOURCEIND,64.68,64.68,63.42,24 Sep 2026,64.68,25 Sep 2026
2026-09-25,532218,SOUTHBANK,49.95,50.66,50.09,24 Sep 2026,285.6,03 Jan 2008
2026-09-25,544386,SPECTRUM,3511.8,3511.8,3394.25,22 Sep 2026,3511.8,25 Sep 2026
2026-09-25,544925,SPEEDEX,249.4,269.8,262.5,18 Sep 2026,269.8,25 Sep 2026
2026-09-25,513262,SSWL,379.2,394.0,389.35,22 Sep 2026,1990.0,01 Sep 2021
2026-09-25,526231,STDSFAC,202.08,202.08,192.46,24 Sep 2026,202.08,25 Sep 2026
2026-09-25,544914,STEAMHOUSE,111.03,117.63,116.0,24 Sep 2026,117.63,25 Sep 2026
2026-09-25,513517,STEELCAS,376.6,390.8,374.75,22 Sep 2026,1275.25,30 Jul 2025
2026-09-25,544395,STLNETWORK,54.63,54.63,52.15,24 Sep 2026,54.63,25 Sep 2026
2026-09-25,543373,SVRL,628.95,635.0,610.1,24 Sep 2026,635.0,25 Sep 2026
2026-09-25,503659,SW1,194.3,200.25,198.25,24 Sep 2026,372.75,03 Jan 2014
2026-09-25,544864,TECHNOCRAF,490.95,496.0,482.0,24 Sep 2026,496.0,25 Sep 2026
2026-09-25,544544,TELGE,270.0,283.95,278.15,24 Sep 2026,283.95,25 Sep 2026
2026-09-25,508963,TRUSTWAVE,237.88,237.88,226.56,24 Sep 2026,237.88,25 Sep 2026
2026-09-25,531411,TUNITEX,1.82,1.82,1.74,24 Sep 2026,329.4,06 Apr 2011
2026-09-25,530363,UGARSUGAR,63.98,66.6,62.0,24 Aug 2026,338.5,18 Mar 2005
2026-09-25,544406,UNIFIED,489.45,499.0,495.0,03 Nov 2025,499.0,25 Sep 2026
2026-09-25,544756,UNITEDPOLY,46.65,47.1,46.75,23 Sep 2026,47.1,25 Sep 2026
2026-09-25,526775,VALIANT,1476.85,1484.0,1482.0,21 Sep 2026,1484.0,25 Sep 2026
2026-09-25,505232,VELJAN,2048.85,2090.0,2085.1,23 Sep 2026,4200.0,28 Mar 2024
2026-09-25,506196,VIKSHEN,8.85,8.85,8.43,24 Sep 2026,8.85,25 Sep 2026
2026-09-25,517399,VXLINSTR,5.33,5.33,5.08,24 Sep 2026,424.0,23 Feb 2000
2026-09-25,532144,WELCORP,2832.25,2838.0,2837.0,23 Sep 2026,2838.0,25 Sep 2026
2026-09-25,533252,WELINV,2315.4,2315.4,2288.85,23 Sep 2026,2315.4,25 Sep 2026
2026-09-25,538521,YAANENT,158.8,164.65,150.35,24 Sep 2026,164.65,25 Sep 2026
2026-09-25,544563,ZELIO,1056.9,1056.9,1036.2,24 Sep 2026,1056.9,25 Sep 2026
2026-09-25,532321,ZYDUSLIFE,1202.0,1208.2,1205.65,13 Aug 2026,2159.8,01 Oct 2015
2026-09-28,543083,09MPD,8.04,8.04,7.31,25 Sep 2026,8.04,28 Sep 2026
2026-09-28,543346,AASHKA,99.53,102.8,99.5,07 Nov 2025,126.55,03 Jul 2024
2026-09-28,544710,ACCORDTS,87.16,96.99,88.5,25 Sep 2026,96.99,28 Sep 2026
2026-09-28,526331,ADVMULT,114.74,114.74,95.62,25 Sep 2026,114.74,28 Sep 2026
2026-09-28,506947,ADVPETR-B,750.65,750.65,717.0,25 Sep 2026,750.65,28 Sep 2026
2026-09-28,544743,AEROPLANE,201.2,212.35,211.75,25 Sep 2026,212.35,28 Sep 2026
2026-09-28,544497,AHCL,34.77,34.77,31.62,25 Sep 2026,172.0,28 Nov 2025
2026-09-28,544425,AJCJEWEL,398.0,398.0,379.05,25 Sep 2026,398.0,28 Sep 2026
2026-09-28,524634,ALUFLUOR,603.45,639.15,615.0,22 May 2026,639.15,28 Sep 2026
2026-09-28,544555,AMEENJI,245.1,251.5,248.75,21 Sep 2026,251.5,28 Sep 2026
2026-09-28,544920,AMTECH,113.62,116.5,115.76,21 Sep 2026,116.5,28 Sep 2026
2026-09-28,501270,ANTARIKSH,18.17,18.17,17.82,25 Sep 2026,18.17,28 Sep 2026
2026-09-28,500023,ASIANHOTNR,372.95,420.0,419.2,09 Sep 2026,899.5,05 Feb 2007
2026-09-28,530889,AUDROC,21.35,21.35,20.94,25 Sep 2026,30.0,17 Aug 1995
2026-09-28,517230,AURIQUE,33.84,33.84,32.23,25 Sep 2026,140.0,20 Oct 1994
2026-09-28,532989,BAFNAPH,363.05,363.05,355.95,25 Sep 2026,363.05,28 Sep 2026
2026-09-28,544758,BAGMANE,109.14,112.0,111.76,25 Sep 2026,112.0,28 Sep 2026
2026-09-28,517246,BCCFUBA,301.95,308.95,297.0,25 Sep 2026,308.95,28 Sep 2026
2026-09-28,544369,BEEZAASAN,683.3,683.3,669.95,25 Sep 2026,683.3,28 Sep 2026
2026-09-28,504646,BGWTATO,761.4,774.0,737.25,25 Sep 2026,774.0,28 Sep 2026
2026-09-28,530803,BHAGERIA,382.05,397.4,394.7,25 Sep 2026,711.35,25 Oct 2016
2026-09-28,506197,BLISSGVS,737.6,744.75,733.75,09 Sep 2026,785.85,18 Jan 2008
2026-09-28,544414,BLUSPRING,149.2,151.95,146.6,25 Sep 2026,151.95,28 Sep 2026
2026-09-28,524370,BODALCHEM,201.5,207.45,205.7,22 Sep 2026,207.45,28 Sep 2026
2026-09-28,541096,BPLPHARMA,2137.45,2274.1,1895.1,25 Sep 2026,2274.1,28 Sep 2026
2026-09-28,524440,CAMEXLTD,56.92,57.45,55.95,25 Sep 2026,78.85,24 Jun 2024
2026-09-28,544000,CCAL,47.69,47.69,46.76,23 Sep 2026,47.69,28 Sep 2026
2026-09-28,532701,CELLA,43.11,45.7,45.0,25 Sep 2026,45.7,28 Sep 2026
2026-09-28,540310,CFL,98.95,107.91,104.75,25 Sep 2026,107.91,28 Sep 2026
2026-09-28,542678,CHCL,23.07,23.07,22.62,25 Sep 2026,62.9,23 May 2019
2026-09-28,544442,CHEMKART,239.1,241.0,233.9,25 Sep 2026,262.0,14 Jul 2025
2026-09-28,531460,CONTICON,16.6,16.8,16.48,04 Sep 2026,36.45,09 Mar 2000
2026-09-28,544440,CRYOGENIC,432.4,435.65,418.3,23 Sep 2026,435.65,28 Sep 2026
2026-09-28,544900,CSML,200.3,220.0,206.0,25 Sep 2026,220.0,28 Sep 2026
2026-09-28,526027,CUBEXTUB,167.37,167.37,152.16,25 Sep 2026,167.37,28 Sep 2026
2026-09-28,531471,DUKEOFS,84.09,84.09,82.45,25 Sep 2026,171.0,10 Apr 2017
2026-09-28,505242,DYNAMATECH,13128.1,13506.7,13280.0,25 Sep 2026,13506.7,28 Sep 2026
2026-09-28,531144,ELFORGE,26.08,26.15,24.44,25 Sep 2026,136.7,12 Sep 2005
2026-09-28,543626,EMIL,192.7,204.5,202.6,18 Sep 2026,261.75,09 Jul 2024
2026-09-28,532178,ENGINERSIN,313.3,321.1,318.75,25 Sep 2026,2599.0,25 Mar 2010
2026-09-28,526227,FILATEX,111.04,111.9,111.5,23 Sep 2026,251.35,05 Jan 2018
2026-09-28,544907,FINANCE,39.6,39.6,36.0,25 Sep 2026,39.6,28 Sep 2026
2026-09-28,543312,FOCUS,285.0,285.0,275.0,23 Sep 2026,285.0,28 Sep 2026
2026-09-28,544941,FXML,129.2,129.2,,,,
2026-09-28,504697,GALADA,25.82,25.82,25.32,24 Sep 2026,110.0,19 Sep 1994
2026-09-28,500153,GANESHBE,137.05,138.65,136.55,08 Sep 2026,217.0,07 Feb 2024
2026-09-28,530615,GARGFUR,234.15,240.3,228.9,25 Sep 2026,441.2,03 Sep 2024
2026-09-28,538787,GBFL,14.63,14.63,14.56,22 Sep 2026,560.1,17 Apr 2015
2026-09-28,531463,GBLINFRA,120.68,120.68,119.49,25 Sep 2026,120.68,28 Sep 2026
2026-09-28,539486,GEETANJ,9.37,9.37,8.93,21 Sep 2026,24.0,30 Jun 2016
2026-09-28,513343,GFSTEELS,30.24,30.24,28.8,25 Sep 2026,117.5,24 Aug 1992
2026-09-28,590159,GROWWLIQID,110.93,110.93,110.92,25 Sep 2026,110.93,28 Sep 2026
2026-09-28,515147,HALDYNGL,152.0,160.0,152.9,24 Sep 2026,188.9,20 Feb 2024
2026-09-28,500178,HARCR,38.77,38.77,38.01,25 Sep 2026,80.0,31 Mar 1992
2026-09-28,543973,HDFCLIQUID,1079.76,1079.78,1079.64,25 Sep 2026,1079.78,28 Sep 2026
2026-09-28,544109,HEALTHADD,16.76,17.33,17.28,03 Aug 2026,165.48,30 Jun 2026
2026-09-28,544936,HEROMOTORS,135.19,156.03,141.85,25 Sep 2026,156.03,28 Sep 2026
2026-09-28,544741,HIGHNESS,242.25,242.25,237.5,25 Sep 2026,242.25,28 Sep 2026
2026-09-28,539984,HIIL,486.55,486.55,477.05,21 Sep 2026,6140.55,03 Sep 2021
2026-09-28,532614,IMPEXFERRO,6.09,6.09,5.98,25 Sep 2026,48.4,09 Feb 2005
2026-09-28,500201,INDIAGLYCO,297.25,326.1,323.25,10 Sep 2026,2139.3,30 Jun 2025
2026-09-28,524648,INDOAMIN,137.4,152.8,150.85,27 May 2026,374.05,30 Jul 2021
2026-09-28,532305,INDSWFTLAB,408.3,419.45,419.05,24 Sep 2026,419.45,28 Sep 2026
2026-09-28,531841,INDUSFINL,314.4,320.5,314.7,22 Sep 2026,321.0,08 Mar 2011
2026-09-28,544919,INFRAX,129.65,130.3,124.1,25 Sep 2026,130.3,28 Sep 2026
2026-09-28,533315,INOVSYNTH,148.35,148.35,145.45,21 Sep 2026,148.35,28 Sep 2026
2026-09-28,504786,INVPRECQ,1506.2,1553.35,1480.35,25 Sep 2026,1620.05,02 May 2006
2026-09-28,543860,JAFINANCE,147.0,147.0,145.85,22 Sep 2026,178.55,19 May 2025
2026-09-28,544935,JSIPL,148.14,148.14,141.09,25 Sep 2026,148.14,28 Sep 2026
2026-09-28,524109,KABRAEXTRU,860.45,888.65,846.35,25 Sep 2026,888.65,28 Sep 2026
2026-09-28,506525,KANORICHEM,206.6,209.25,200.0,25 Sep 2026,219.7,22 Sep 2021
2026-09-28,524500,KILITCH,220.3,234.0,233.5,24 Sep 2026,500.05,28 May 2025
2026-09-28,524019,KINGFA,6375.55,6410.0,6407.65,24 Sep 2026,6410.0,28 Sep 2026
2026-09-28,524520,KMCSHIL,165.3,175.0,166.6,22 Sep 2026,175.0,28 Sep 2026
2026-09-28,524280,KOPRAN,279.4,293.65,287.6,23 Sep 2026,830.0,08 Feb 1994
2026-09-28,539408,KUBERJI,59.85,59.85,57.9,25 Sep 2026,95.0,25 Jan 2017
2026-09-28,590139,LIQUID1,1124.55,1124.56,1124.42,25 Sep 2026,1124.56,28 Sep 2026
2026-09-28,544159,LIQUIDADD,1146.67,1153.0,1146.54,25 Sep 2026,1153.0,28 Sep 2026
2026-09-28,544182,LIQUIDBETF,1100.62,1111.06,1100.06,24 Sep 2026,1111.06,28 Sep 2026
2026-09-28,544248,MACHLTD,199.6,213.0,199.0,19 Aug 2026,314.0,11 Sep 2024
2026-09-28,531515,MAHANIN,24.1,24.1,22.96,25 Sep 2026,45.9,08 Jul 1996
2026-09-28,540704,MATRIMONY,523.3,635.0,573.95,27 Jan 2026,1242.0,25 Feb 2021
2026-09-28,532629,MBECL,465.39,465.39,456.27,25 Sep 2026,465.39,28 Sep 2026
2026-09-28,538401,METSL,202.8,206.95,187.6,25 Sep 2026,262.15,02 Jan 2025
2026-09-28,521244,MKPMOB,210.4,210.4,203.95,25 Sep 2026,348.6,06 Aug 2024
2026-09-28,505797,MPCOSEMB,38.39,38.75,38.68,22 Sep 2026,100.0,27 Mar 1992
2026-09-28,532470,MPFSL,9.32,9.32,8.88,25 Sep 2026,96.09,14 Oct 2024
2026-09-28,500460,MUKANDLTD,170.85,173.5,167.85,25 Sep 2026,500.0,02 Apr 1992
2026-09-28,531049,NEELKAN,66.88,68.33,65.63,23 Sep 2026,68.33,28 Sep 2026
2026-09-28,544434,NEETUYOSHI,245.75,245.75,234.5,21 Sep 2026,245.75,28 Sep 2026
2026-09-28,508867,NEWMKTAVE,89.83,89.83,85.56,25 Sep 2026,89.83,28 Sep 2026
2026-09-28,539200,NOBPOL,16.6,16.6,16.28,25 Sep 2026,129.6,12 Aug 2015
2026-09-28,542771,NOVATEOR,37.5,37.5,35.1,07 Sep 2026,57.5,08 May 2025
2026-09-28,530367,NRBBEARING,541.35,559.85,548.95,23 Sep 2026,654.5,17 May 2006
2026-09-28,543264,NURECA,358.55,360.0,358.0,21 Sep 2026,2316.6,08 Oct 2021
2026-09-28,539469,PANORAMA,59.83,64.5,60.9,25 Sep 2026,1199.0,30 Jul 2024
2026-09-28,540359,PARMAX,137.75,137.75,136.4,21 Sep 2026,137.75,28 Sep 2026
2026-09-28,517172,PERVASIVE,11.42,11.42,11.2,25 Sep 2026,35.0,03 Nov 1992
2026-09-28,532808,PGIL,1297.55,1356.55,1353.0,25 Sep 2026,2571.65,10 Aug 2026
2026-09-28,590142,PHARMABEES,27.56,28.5,28.46,24 Sep 2026,28.5,28 Sep 2026
2026-09-28,500143,PHCAP,1206.75,1225.0,1173.2,25 Sep 2026,1225.0,28 Sep 2026
2026-09-28,509084,PHOTON,365.7,365.7,358.55,21 Sep 2026,365.7,28 Sep 2026
2026-09-28,544844,PPEL,800.3,859.95,822.0,25 Sep 2026,859.95,28 Sep 2026
2026-09-28,544538,PRARUH,171.3,171.3,163.15,25 Sep 2026,171.3,28 Sep 2026
2026-09-28,544912,PRASOLCHEM,763.35,773.4,768.0,25 Sep 2026,773.4,28 Sep 2026
2026-09-28,519299,PRIMIND,80.04,80.04,76.23,25 Sep 2026,282.95,04 Mar 2024
2026-09-28,506852,PRIMO,28.17,29.4,27.5,06 Aug 2026,351.7,25 Jan 2022
2026-09-28,544295,PSPLATINA,1112000.0,1112000.0,1105000.0,17 Aug 2026,1112000.0,28 Sep 2026
2026-09-28,544367,QPOWER,1594.95,1594.95,1569.8,07 Sep 2026,1594.95,28 Sep 2026
2026-09-28,544336,QUADFUTURE,533.4,564.65,559.6,25 Sep 2026,743.45,06 Feb 2025
2026-09-28,500330,RAYMOND,1179.4,1235.75,1222.15,25 Sep 2026,3493.0,08 Jul 2024
2026-09-28,544755,RECODE,448.55,456.0,437.5,24 Sep 2026,456.0,28 Sep 2026
2026-09-28,524218,RESONANCE,191.6,201.3,191.75,25 Sep 2026,254.95,14 Sep 2021
2026-09-28,526861,RISHILASE,155.0,155.95,155.0,25 Sep 2026,206.0,08 Jan 2008
2026-09-28,517286,RNITAI,108.38,111.5,109.79,25 Sep 2026,120.0,17 Oct 1994
2026-09-28,544940,ROBOKIDZ,211.45,211.45,,,,
2026-09-28,543325,ROLEXRINGS,193.5,198.35,196.55,25 Sep 2026,2788.95,27 Sep 2024
2026-09-28,530179,RSCINT,102.67,102.67,100.66,25 Sep 2026,102.67,28 Sep 2026
2026-09-28,503169,RUBYMILLS,512.95,521.15,518.45,23 Sep 2026,10250.0,14 Oct 1992
2026-09-28,532604,SALSTEEL,93.2,97.9,93.5,25 Sep 2026,97.9,28 Sep 2026
2026-09-28,543897,SANCODE,785.4,785.4,777.1,25 Sep 2026,785.4,28 Sep 2026
2026-09-28,538992,SAPL,8151.85,8425.3,8158.5,25 Sep 2026,8425.3,28 Sep 2026
2026-09-28,542725,SBC,53.52,56.9,53.63,25 Sep 2026,208.1,11 Jan 2022
2026-09-28,544927,SECLEDBETA,14.33,15.8,15.37,18 Sep 2026,15.8,28 Sep 2026
2026-09-28,544723,SEDEMAC,3552.55,3595.95,3480.35,25 Sep 2026,3595.95,28 Sep 2026
2026-09-28,533301,SHEKHAWATI,29.26,29.26,27.87,25 Sep 2026,85.17,10 Sep 2024
2026-09-28,544490,SHREEJISPG,755.05,761.95,754.95,25 Sep 2026,761.95,28 Sep 2026
2026-09-28,544344,SHRIPISTON,4644.15,4835.0,4808.85,25 Aug 2026,4835.0,28 Sep 2026
2026-09-28,544810,SILL,112.95,120.99,117.0,25 Sep 2026,120.99,28 Sep 2026
2026-09-28,504398,SJCORP,190.0,191.8,189.95,21 Sep 2026,3464.6,27 Aug 2009
2026-09-28,540269,SKL,14.4,14.4,14.0,25 Sep 2026,19.4,16 Jan 2018
2026-09-28,523449,SMAART,129.0,129.0,127.75,21 Sep 2026,130.0,30 Mar 1992
2026-09-28,543263,SMCGLOBAL,97.18,100.86,94.9,10 Sep 2026,182.0,10 Jun 2024
2026-09-28,505192,SMLMAH,6524.65,6908.8,6889.95,25 Sep 2026,6908.8,28 Sep 2026
2026-09-28,531548,SOMANYCERA,621.05,626.0,622.0,25 Sep 2026,973.8,05 Jan 2018
2026-09-28,521036,SOURCEIND,65.97,65.97,64.68,25 Sep 2026,65.97,28 Sep 2026
2026-09-28,544386,SPECTRUM,3608.0,3624.9,3511.8,25 Sep 2026,3624.9,28 Sep 2026
2026-09-28,526231,STDSFAC,212.18,212.18,202.08,25 Sep 2026,212.18,28 Sep 2026
2026-09-28,544395,STLNETWORK,51.98,56.56,54.63,25 Sep 2026,56.56,28 Sep 2026
2026-09-28,544267,SUBAM,229.6,246.0,244.0,11 May 2026,246.0,28 Sep 2026
2026-09-28,500404,SUNFLAG,450.1,452.0,427.9,05 Jun 2026,452.0,28 Sep 2026
2026-09-28,543373,SVRL,649.95,651.1,635.0,25 Sep 2026,651.1,28 Sep 2026
2026-09-28,524470,SYNCOMF,22.2,23.44,22.52,03 Sep 2026,155.0,17 Jun 2013
2026-09-28,543321,TATVA,1761.35,1880.45,1838.85,03 Aug 2026,2975.55,03 Nov 2021
2026-09-28,507753,TGVSL,121.8,130.0,129.95,23 Oct 2025,182.0,21 Sep 2022
2026-09-28,544740,TIPCO,305.6,307.7,304.0,23 Sep 2026,307.7,28 Sep 2026
2026-09-28,508963,TRUSTWAVE,249.77,249.77,237.88,25 Sep 2026,249.77,28 Sep 2026
2026-09-28,531411,TUNITEX,1.91,1.91,1.82,25 Sep 2026,329.4,06 Apr 2011
2026-09-28,530363,UGARSUGAR,62.35,66.72,66.6,25 Sep 2026,338.5,18 Mar 2005
2026-09-28,544406,UNIFIED,500.85,517.0,499.0,25 Sep 2026,517.0,28 Sep 2026
2026-09-28,544756,UNITEDPOLY,45.38,47.25,47.1,25 Sep 2026,47.25,28 Sep 2026
2026-09-28,526775,VALIANT,1436.65,1485.0,1484.0,25 Sep 2026,1485.0,28 Sep 2026
2026-09-28,539331,VETO,148.2,158.2,153.9,09 Jun 2026,265.0,27 Dec 2017
2026-09-28,506196,VIKSHEN,9.29,9.29,8.85,25 Sep 2026,9.29,28 Sep 2026
2026-09-28,544939,VIVEKANAND,39.9,39.9,,,,
2026-09-28,530177,VKGLOBAL,34.37,34.37,33.6,23 Sep 2026,70.0,08 Sep 1995
2026-09-28,517399,VXLINSTR,5.59,5.59,5.33,25 Sep 2026,424.0,23 Feb 2000
2026-09-28,503675,WAGEND,1.27,1.4,1.35,26 Sep 2025,268.0,05 Jun 2012
2026-09-28,533252,WELINV,2361.7,2361.7,2315.4,25 Sep 2026,2361.7,28 Sep 2026
2026-09-28,538521,YAANENT,162.95,165.2,164.65,25 Sep 2026,165.2,28 Sep 2026
2026-09-28,544563,ZELIO,1078.0,1078.0,1056.9,25 Sep 2026,1078.0,28 Sep 2026
2026-09-28,532321,ZYDUSLIFE,1212.0,1228.25,1208.2,25 Sep 2026,2159.8,01 Oct 2015
2026-09-29,543083,09MPD,8.84,8.84,8.04,28 Sep 2026,8.84,29 Sep 2026
2026-09-29,543748,AARTIPHARM,973.3,983.5,962.0,25 Sep 2026,983.5,29 Sep 2026
2026-09-29,543346,AASHKA,102.82,105.0,102.8,28 Sep 2026,126.55,03 Jul 2024
2026-09-29,532057,ABHICAP,139.45,151.0,150.65,03 Oct 2025,301.15,13 Jun 2022
2026-09-29,536737,ACFSL,83.47,83.47,82.09,07 Aug 2026,103.0,19 Nov 2013
2026-09-29,532172,ADROITINFO,14.26,14.9,14.15,23 Sep 2026,416.0,07 Mar 2000
2026-09-29,526331,ADVMULT,126.21,126.21,114.74,28 Sep 2026,126.21,29 Sep 2026
2026-09-29,506947,ADVPETR-B,788.15,788.15,750.65,28 Sep 2026,788.15,29 Sep 2026
2026-09-29,544497,AHCL,36.5,36.5,34.77,28 Sep 2026,172.0,28 Nov 2025
2026-09-29,544425,AJCJEWEL,417.9,417.9,398.0,28 Sep 2026,417.9,29 Sep 2026
2026-09-29,524634,ALUFLUOR,632.3,648.35,639.15,28 Sep 2026,648.35,29 Sep 2026
2026-09-29,544920,AMTECH,118.02,119.3,116.5,28 Sep 2026,119.3,29 Sep 2026
2026-09-29,544944,ANAND,72.1,75.0,,,75.0,29 Sep 2026
2026-09-29,501270,ANTARIKSH,18.53,18.53,18.17,28 Sep 2026,18.53,29 Sep 2026
2026-09-29,538556,ARMAN,134.3,135.0,132.0,28 Sep 2026,181.0,11 Nov 2015
2026-09-29,540788,ASPIRA,143.34,143.34,138.99,24 Sep 2026,143.34,29 Sep 2026
2026-09-29,530889,AUDROC,21.77,21.77,21.35,28 Sep 2026,30.0,17 Aug 1995
2026-09-29,544888,AUGMONT,1061.2,1061.2,1019.0,31 Aug 2026,1061.2,29 Sep 2026
2026-09-29,517230,AURIQUE,35.53,35.53,33.84,28 Sep 2026,140.0,20 Oct 1994
2026-09-29,544061,AZAD,2915.15,2997.65,2986.4,17 Aug 2026,2997.65,29 Sep 2026
2026-09-29,532989,BAFNAPH,370.3,370.3,363.05,28 Sep 2026,370.3,29 Sep 2026
2026-09-29,544369,BEEZAASAN,696.95,696.95,683.3,28 Sep 2026,696.95,29 Sep 2026
2026-09-29,504646,BGWTATO,769.45,784.0,774.0,28 Sep 2026,784.0,29 Sep 2026
2026-09-29,544414,BLUSPRING,143.65,152.45,151.95,28 Sep 2026,152.45,29 Sep 2026
2026-09-29,523398,BOSCH-HCIL,1937.5,1964.3,1885.0,07 Sep 2026,3375.0,04 Mar 2020
2026-09-29,524440,CAMEXLTD,58.85,59.59,57.45,28 Sep 2026,78.85,24 Jun 2024
2026-09-29,544000,CCAL,48.64,48.64,47.69,28 Sep 2026,48.64,29 Sep 2026
2026-09-29,542678,CHCL,23.53,23.53,23.07,28 Sep 2026,62.9,23 May 2019
2026-09-29,544442,CHEMKART,248.15,250.0,241.0,28 Sep 2026,262.0,14 Jul 2025
2026-09-29,544440,CRYOGENIC,412.35,441.55,435.65,28 Sep 2026,441.55,29 Sep 2026
2026-09-29,526027,CUBEXTUB,175.73,175.73,167.37,28 Sep 2026,175.73,29 Sep 2026
2026-09-29,523890,DSKULKARNI,9.21,9.21,9.03,11 Aug 2026,449.9,08 Dec 2006
2026-09-29,531471,DUKEOFS,85.77,85.77,84.09,28 Sep 2026,171.0,10 Apr 2017
2026-09-29,531144,ELFORGE,28.68,28.68,26.15,28 Sep 2026,136.7,12 Sep 2005
2026-09-29,526227,FILATEX,111.95,113.9,111.9,28 Sep 2026,251.35,05 Jan 2018
2026-09-29,544907,FINANCE,43.56,43.56,39.6,28 Sep 2026,43.56,29 Sep 2026
2026-09-29,544941,FXML,129.0,130.0,129.2,28 Sep 2026,130.0,29 Sep 2026
2026-09-29,504697,GALADA,26.33,26.33,25.82,28 Sep 2026,110.0,19 Sep 1994
2026-09-29,500153,GANESHBE,137.15,142.0,138.65,28 Sep 2026,217.0,07 Feb 2024
2026-09-29,530615,GARGFUR,243.85,245.85,240.3,28 Sep 2026,441.2,03 Sep 2024
2026-09-29,538787,GBFL,16.09,16.09,14.63,28 Sep 2026,560.1,17 Apr 2015
2026-09-29,535917,GCMCOMM,5.29,5.29,5.28,03 Nov 2025,21.25,14 Aug 2013
2026-09-29,513343,GFSTEELS,31.75,31.75,30.24,28 Sep 2026,117.5,24 Aug 1992
2026-09-29,590159,GROWWLIQID,110.94,110.95,110.93,28 Sep 2026,110.95,29 Sep 2026
2026-09-29,500178,HARCR,39.54,39.54,38.77,28 Sep 2026,80.0,31 Mar 1992
2026-09-29,543973,HDFCLIQUID,1079.9,1079.92,1079.78,28 Sep 2026,1079.92,29 Sep 2026
2026-09-29,544741,HIGHNESS,247.05,247.05,242.25,28 Sep 2026,247.05,29 Sep 2026
2026-09-29,539984,HIIL,496.25,496.25,486.55,28 Sep 2026,6140.55,03 Sep 2021
2026-09-29,526217,HITECHCORP,342.05,343.0,341.25,13 Aug 2026,350.5,14 Oct 2024
2026-09-29,544943,HNIL,122.9,123.9,,,123.9,29 Sep 2026
2026-09-29,532614,IMPEXFERRO,6.21,6.21,6.09,28 Sep 2026,48.4,09 Feb 2005
2026-09-29,544172,INDGN,604.6,627.0,621.9,25 Sep 2026,736.6,01 Oct 2024
2026-09-29,544919,INFRAX,123.2,136.1,130.3,28 Sep 2026,136.1,29 Sep 2026
2026-09-29,533315,INOVSYNTH,151.3,151.3,148.35,28 Sep 2026,151.3,29 Sep 2026
2026-09-29,543860,JAFINANCE,154.35,154.35,147.0,28 Sep 2026,178.55,19 May 2025
2026-09-29,544402,JASH,598.35,602.7,600.55,22 Sep 2026,647.45,22 Jul 2025
2026-09-29,524019,KINGFA,6513.9,6588.45,6410.0,28 Sep 2026,6588.45,29 Sep 2026
2026-09-29,544187,KRONOX,217.2,226.5,222.9,21 Aug 2026,228.55,19 Dec 2024
2026-09-29,539408,KUBERJI,62.84,62.84,59.85,28 Sep 2026,95.0,25 Jan 2017
2026-09-29,544895,KWICK,191.71,201.0,186.68,25 Sep 2026,201.0,29 Sep 2026
2026-09-29,505302,LAKSHMIEW,2610.0,2610.0,2579.95,01 Oct 2025,3575.9,28 Aug 2024
2026-09-29,590139,LIQUID1,1124.69,1130.0,1124.56,28 Sep 2026,1130.0,29 Sep 2026
2026-09-29,539992,LLOYDSENGG,102.12,103.5,99.78,10 Aug 2026,103.5,29 Sep 2026
2026-09-29,531515,MAHANIN,25.3,25.3,24.1,28 Sep 2026,45.9,08 Jul 1996
2026-09-29,532629,MBECL,474.69,474.69,465.39,28 Sep 2026,474.69,29 Sep 2026
2026-09-29,523888,MEGAMONT,204.0,212.0,206.0,21 Apr 2026,212.0,29 Sep 2026
2026-09-29,538401,METSL,243.15,243.35,206.95,28 Sep 2026,262.15,02 Jan 2025
2026-09-29,521244,MKPMOB,220.0,220.9,210.4,28 Sep 2026,348.6,06 Aug 2024
2026-09-29,539767,MNIL,53.42,55.3,54.0,09 Jun 2026,132.05,11 Jan 2017
2026-09-29,544906,MOMSBELIEF,256.55,267.6,239.0,08 Sep 2026,267.6,29 Sep 2026
2026-09-29,505797,MPCOSEMB,40.3,40.3,38.75,28 Sep 2026,100.0,27 Mar 1992
2026-09-29,544916,MPIMANIPAL,417.55,458.3,405.5,23 Sep 2026,458.3,29 Sep 2026
2026-09-29,500460,MUKANDLTD,172.3,174.0,173.5,28 Sep 2026,500.0,02 Apr 1992
2026-09-29,544373,NAPSGLOBAL,67.04,68.0,65.0,24 Sep 2026,108.0,11 Mar 2025
2026-09-29,543280,NAZARA,388.15,391.0,384.45,25 Sep 2026,3354.4,11 Oct 2021
2026-09-29,531049,NEELKAN,65.85,70.19,68.33,28 Sep 2026,70.19,29 Sep 2026
2026-09-29,544434,NEETUYOSHI,248.1,258.0,245.75,28 Sep 2026,258.0,29 Sep 2026
2026-09-29,508867,NEWMKTAVE,93.45,94.32,89.83,28 Sep 2026,94.32,29 Sep 2026
2026-09-29,539200,NOBPOL,16.93,16.93,16.6,28 Sep 2026,129.6,12 Aug 2015
2026-09-29,543264,NURECA,360.0,374.4,360.0,28 Sep 2026,2316.6,08 Oct 2021
2026-09-29,544748,ONEPOINT,71.59,74.01,72.45,24 Sep 2026,74.01,29 Sep 2026
2026-09-29,511734,PASUFIN,25.04,25.04,24.7,06 Oct 2025,50.0,27 Jan 2010
2026-09-29,517172,PERVASIVE,11.64,11.64,11.42,28 Sep 2026,35.0,03 Nov 1992
2026-09-29,500143,PHCAP,1239.9,1264.0,1225.0,28 Sep 2026,1264.0,29 Sep 2026
2026-09-29,509084,PHOTON,373.0,373.0,365.7,28 Sep 2026,373.0,29 Sep 2026
2026-09-29,544538,PRARUH,179.85,179.85,171.3,28 Sep 2026,179.85,29 Sep 2026
2026-09-29,544912,PRASOLCHEM,839.65,839.65,773.4,28 Sep 2026,839.65,29 Sep 2026
2026-09-29,519299,PRIMIND,84.04,84.04,80.04,28 Sep 2026,282.95,04 Mar 2024
2026-09-29,544367,QPOWER,1616.5,1635.7,1594.95,28 Sep 2026,1635.7,29 Sep 2026
2026-09-29,531539,RISHDIGA,42.12,46.17,45.6,21 Sep 2026,132.85,25 Sep 2018
2026-09-29,526861,RISHILASE,155.15,157.0,155.95,28 Sep 2026,206.0,08 Jan 2008
2026-09-29,544804,RIYAASAT,91.5,91.5,84.8,01 Jul 2026,91.5,29 Sep 2026
2026-09-29,544940,ROBOKIDZ,222.0,222.0,211.45,28 Sep 2026,222.0,29 Sep 2026
2026-09-29,530179,RSCINT,104.0,104.72,102.67,28 Sep 2026,104.72,29 Sep 2026
2026-09-29,544430,SAMBHV,162.3,163.5,161.5,21 Sep 2026,163.5,29 Sep 2026
2026-09-29,543897,SANCODE,801.1,801.1,785.4,28 Sep 2026,801.1,29 Sep 2026
2026-09-29,538992,SAPL,8300.0,8559.2,8425.3,28 Sep 2026,8559.2,29 Sep 2026
2026-09-29,533301,SHEKHAWATI,30.72,30.72,29.26,28 Sep 2026,85.17,10 Sep 2024
2026-09-29,544490,SHREEJISPG,762.45,766.75,761.95,28 Sep 2026,766.75,29 Sep 2026
2026-09-29,513496,SIZEMASTER,400.0,424.0,415.0,01 Jun 2026,424.0,29 Sep 2026
2026-09-29,540269,SKL,15.0,15.12,14.4,28 Sep 2026,19.4,16 Jan 2018
2026-09-29,543263,SMCGLOBAL,92.37,106.25,100.86,28 Sep 2026,182.0,10 Jun 2024
2026-09-29,521036,SOURCEIND,67.28,67.28,65.97,28 Sep 2026,67.28,29 Sep 2026
2026-09-29,544386,SPECTRUM,3737.2,3785.0,3624.9,28 Sep 2026,3785.0,29 Sep 2026
2026-09-29,513262,SSWL,400.85,404.15,394.0,25 Sep 2026,1990.0,01 Sep 2021
2026-09-29,512381,STARTECK,335.7,352.8,348.0,02 Jan 2026,419.9,27 Dec 2023
2026-09-29,526231,STDSFAC,222.78,222.78,212.18,28 Sep 2026,222.78,29 Sep 2026
2026-09-29,500404,SUNFLAG,464.9,469.0,452.0,28 Sep 2026,469.0,29 Sep 2026
2026-09-29,543373,SVRL,656.4,670.0,651.1,28 Sep 2026,670.0,29 Sep 2026
2026-09-29,524470,SYNCOMF,26.32,26.64,23.44,28 Sep 2026,155.0,17 Jun 2013
2026-09-29,544740,TIPCO,320.85,320.85,307.7,28 Sep 2026,320.85,29 Sep 2026
2026-09-29,531411,TUNITEX,2.0,2.0,1.91,28 Sep 2026,329.4,06 Apr 2011
2026-09-29,544406,UNIFIED,516.45,519.0,517.0,28 Sep 2026,519.0,29 Sep 2026
2026-09-29,526775,VALIANT,1652.1,1678.0,1485.0,28 Sep 2026,1678.0,29 Sep 2026
2026-09-29,544942,VARMORA,152.8,163.45,,,163.45,29 Sep 2026
2026-09-29,506196,VIKSHEN,9.75,9.75,9.29,28 Sep 2026,9.75,29 Sep 2026
2026-09-29,544939,VIVEKANAND,41.89,41.89,39.9,28 Sep 2026,41.89,29 Sep 2026
2026-09-29,530177,VKGLOBAL,34.0,35.87,34.37,28 Sep 2026,70.0,08 Sep 1995
2026-09-29,517399,VXLINSTR,5.81,5.86,5.59,28 Sep 2026,424.0,23 Feb 2000
2026-09-29,532144,WELCORP,2834.6,2899.95,2838.0,28 Sep 2026,2899.95,29 Sep 2026
2026-09-29,533252,WELINV,2408.9,2408.9,2361.7,28 Sep 2026,2408.9,29 Sep 2026
2026-09-29,538521,YAANENT,156.65,172.0,165.2,28 Sep 2026,172.0,29 Sep 2026
2026-09-29,544563,ZELIO,1056.45,1099.5,1078.0,28 Sep 2026,1099.5,29 Sep 2026
2026-09-29,532321,ZYDUSLIFE,1195.2,1232.0,1228.25,28 Sep 2026,2159.8,01 Oct 2015
2026-09-30,543083,09MPD,9.72,9.72,8.84,29 Sep 2026,9.72,30 Sep 2026
2026-09-30,543748,AARTIPHARM,952.25,1001.55,983.5,29 Sep 2026,1001.55,30 Sep 2026
2026-09-30,543346,AASHKA,106.0,107.0,105.0,29 Sep 2026,126.55,03 Jul 2024
2026-09-30,536737,ACFSL,87.63,87.63,83.47,29 Sep 2026,103.0,19 Nov 2013
2026-09-30,544669,ADMACH,500.0,505.3,482.95,24 Sep 2026,505.3,30 Sep 2026
2026-09-30,544950,ADROITIND,248.35,250.0,,,250.0,30 Sep 2026
2026-09-30,532172,ADROITINFO,14.67,15.78,14.9,29 Sep 2026,416.0,07 Mar 2000
2026-09-30,526331,ADVMULT,132.52,132.52,126.21,29 Sep 2026,132.52,30 Sep 2026
2026-09-30,506947,ADVPETR-B,827.55,827.55,788.15,29 Sep 2026,827.55,30 Sep 2026
2026-09-30,544634,AEQUS,279.45,286.05,274.6,09 Jul 2026,286.05,30 Sep 2026
2026-09-30,544497,AHCL,34.68,37.6,36.5,29 Sep 2026,172.0,28 Nov 2025
2026-09-30,544425,AJCJEWEL,427.0,428.0,417.9,29 Sep 2026,428.0,30 Sep 2026
2026-09-30,544555,AMEENJI,261.1,261.45,251.5,28 Sep 2026,261.45,30 Sep 2026
2026-09-30,539265,AMRAFIN,38.54,38.54,37.5,07 Aug 2026,128.0,11 Aug 2016
2026-09-30,544920,AMTECH,119.73,123.0,119.3,29 Sep 2026,123.0,30 Sep 2026
2026-09-30,501270,ANTARIKSH,18.9,18.9,18.53,29 Sep 2026,18.9,30 Sep 2026
2026-09-30,544529,APPL,368.15,368.15,365.5,22 Sep 2026,446.8,07 May 2026
2026-09-30,544951,ARMEE,295.35,372.0,,,372.0,30 Sep 2026
2026-09-30,507872,ASHNOOR,51.74,54.0,53.4,20 Oct 2025,110.25,16 Dec 2021
2026-09-30,540788,ASPIRA,137.78,149.99,143.34,29 Sep 2026,149.99,30 Sep 2026
2026-09-30,530889,AUDROC,22.2,22.2,21.77,29 Sep 2026,30.0,17 Aug 1995
2026-09-30,544888,AUGMONT,1095.5,1136.0,1061.2,29 Sep 2026,1136.0,30 Sep 2026
2026-09-30,517230,AURIQUE,37.3,37.3,35.53,29 Sep 2026,140.0,20 Oct 1994
2026-09-30,532395,AXISCADES,2228.35,2280.05,2210.0,11 May 2026,2280.05,30 Sep 2026
2026-09-30,544061,AZAD,2964.8,3126.0,2997.65,29 Sep 2026,3126.0,30 Sep 2026
2026-09-30,532989,BAFNAPH,377.7,377.7,370.3,29 Sep 2026,377.7,30 Sep 2026
2026-09-30,544369,BEEZAASAN,710.85,710.85,696.95,29 Sep 2026,710.85,30 Sep 2026
2026-09-30,530803,BHAGERIA,404.95,413.85,397.4,28 Sep 2026,711.35,25 Oct 2016
2026-09-30,523398,BOSCH-HCIL,1879.55,1979.65,1964.3,29 Sep 2026,3375.0,04 Mar 2020
2026-09-30,524440,CAMEXLTD,57.75,60.0,59.59,29 Sep 2026,78.85,24 Jun 2024
2026-09-30,512169,CAPRICORN,31.89,32.51,32.0,25 Sep 2026,240.0,16 Jun 2005
2026-09-30,544000,CCAL,49.61,49.61,48.64,29 Sep 2026,49.61,30 Sep 2026
2026-09-30,542678,CHCL,24.0,24.0,23.53,29 Sep 2026,62.9,23 May 2019
2026-09-30,543172,COSPOWER,3110.25,3119.85,3102.4,22 Sep 2026,3119.85,30 Sep 2026
2026-09-30,526027,CUBEXTUB,173.9,184.0,175.73,29 Sep 2026,184.0,30 Sep 2026
2026-09-30,530843,CUPID,311.6,312.1,298.95,14 Aug 2026,2833.0,02 Mar 2024
2026-09-30,514030,DEEPAKSP,151.5,155.0,154.0,06 Jul 2026,464.85,04 Aug 2021
2026-09-30,532848,DELTACORP,80.43,87.99,86.5,27 May 2026,944.25,04 Jan 2008
2026-09-30,544908,DOLLEX,38.56,41.99,41.89,11 Sep 2026,41.99,30 Sep 2026
2026-09-30,544161,DPABHUSHAN,1786.7,1813.8,1673.2,20 Nov 2025,1927.8,22 Oct 2024
2026-09-30,531471,DUKEOFS,87.48,87.48,85.77,29 Sep 2026,171.0,10 Apr 2017
2026-09-30,505242,DYNAMATECH,13607.3,13657.1,13506.7,28 Sep 2026,13657.1,30 Sep 2026
2026-09-30,501386,EENTER,24.66,24.66,24.49,28 Jul 2026,24.66,30 Sep 2026
2026-09-30,544945,ELEVATE,322.95,373.0,,,373.0,30 Sep 2026
2026-09-30,531144,ELFORGE,27.06,29.42,28.68,29 Sep 2026,136.7,12 Sep 2005
2026-09-30,543626,EMIL,205.65,209.0,204.5,28 Sep 2026,261.75,09 Jul 2024
2026-09-30,544166,EMMFORCE,192.0,203.9,201.05,13 Aug 2026,264.0,15 May 2024
2026-09-30,544020,ESAFSFB,44.37,45.75,45.0,31 Aug 2026,82.26,08 Feb 2024
2026-09-30,544907,FINANCE,47.91,47.91,43.56,29 Sep 2026,47.91,30 Sep 2026
2026-09-30,532379,FIRSTFIN,13.23,13.24,12.66,25 Sep 2026,64.0,20 Oct 2011
2026-09-30,504697,GALADA,26.85,26.85,26.33,29 Sep 2026,110.0,19 Sep 1994
2026-09-30,530615,GARGFUR,242.25,255.5,245.85,29 Sep 2026,441.2,03 Sep 2024
2026-09-30,538787,GBFL,14.83,17.68,16.09,29 Sep 2026,560.1,17 Apr 2015
2026-09-30,513343,GFSTEELS,33.33,33.33,31.75,29 Sep 2026,117.5,24 Aug 1992
2026-09-30,590159,GROWWLIQID,110.96,110.96,110.95,29 Sep 2026,110.96,30 Sep 2026
2026-09-30,544801,GSPLTRANS,144.4,159.55,,,159.55,30 Sep 2026
2026-09-30,515147,HALDYNGL,155.05,163.4,160.0,28 Sep 2026,188.9,20 Feb 2024
2026-09-30,500178,HARCR,40.33,40.33,39.54,29 Sep 2026,80.0,31 Mar 1992
2026-09-30,543973,HDFCLIQUID,1080.05,1080.07,1079.92,29 Sep 2026,1080.07,30 Sep 2026
2026-09-30,539984,HIIL,506.15,506.15,496.25,29 Sep 2026,6140.55,03 Sep 2021
2026-09-30,526217,HITECHCORP,348.15,348.95,343.0,29 Sep 2026,350.5,14 Oct 2024
2026-09-30,500449,HOCL,52.96,53.35,48.7,24 Sep 2026,107.7,02 Jan 2008
2026-09-30,532614,IMPEXFERRO,6.33,6.33,6.21,29 Sep 2026,48.4,09 Feb 2005
2026-09-30,532305,INDSWFTLAB,386.5,424.55,419.45,28 Sep 2026,424.55,30 Sep 2026
2026-09-30,531841,INDUSFINL,323.3,323.3,320.5,28 Sep 2026,323.3,30 Sep 2026
2026-09-30,533315,INOVSYNTH,154.3,154.3,151.3,29 Sep 2026,154.3,30 Sep 2026
2026-09-30,504786,INVPRECQ,1546.9,1575.0,1553.35,28 Sep 2026,1620.05,02 May 2006
2026-09-30,543860,JAFINANCE,151.9,155.1,154.35,29 Sep 2026,178.55,19 May 2025
2026-09-30,544402,JASH,590.75,619.7,602.7,29 Sep 2026,647.45,22 Jul 2025
2026-09-30,544138,JGCHEM,640.1,688.4,675.0,28 Aug 2026,688.4,30 Sep 2026
2026-09-30,544853,JNPR,273.15,282.8,282.5,27 Aug 2026,282.8,30 Sep 2026
2026-09-30,544935,JSIPL,163.31,163.31,155.54,29 Sep 2026,163.31,30 Sep 2026
2026-09-30,544917,KARAMTARA,396.15,396.15,382.85,24 Sep 2026,396.15,30 Sep 2026
2026-09-30,537784,KCSL,15.99,15.99,14.54,25 Sep 2026,30.0,18 Mar 2014
2026-09-30,524019,KINGFA,6456.9,6597.9,6588.45,29 Sep 2026,6597.9,30 Sep 2026
2026-09-30,524520,KMCSHIL,171.45,175.55,175.0,28 Sep 2026,175.55,30 Sep 2026
2026-09-30,524280,KOPRAN,278.1,295.9,293.65,28 Sep 2026,830.0,08 Feb 1994
2026-09-30,539408,KUBERJI,65.98,65.98,62.84,29 Sep 2026,95.0,25 Jan 2017
2026-09-30,544895,KWICK,186.36,212.66,201.0,29 Sep 2026,212.66,30 Sep 2026
2026-09-30,505302,LAKSHMIEW,2500.0,2640.0,2610.0,29 Sep 2026,3575.9,28 Aug 2024
2026-09-30,544879,LALITHAA,382.3,393.65,388.9,25 Sep 2026,393.65,30 Sep 2026
2026-09-30,544946,LIQVD,51.05,53.73,,,53.73,30 Sep 2026
2026-09-30,539992,LLOYDSENGG,98.49,104.12,103.5,29 Sep 2026,104.12,30 Sep 2026
2026-09-30,531515,MAHANIN,26.56,26.56,25.3,29 Sep 2026,45.9,08 Jul 1996
2026-09-30,500265,MAHSEAMLES,738.05,768.0,738.0,11 Sep 2026,1099.05,30 Jan 2024
2026-09-30,523792,MAZDA,307.25,308.95,302.0,01 Oct 2025,2142.85,16 Jan 2025
2026-09-30,532629,MBECL,484.18,484.18,474.69,29 Sep 2026,484.18,30 Sep 2026
2026-09-30,523888,MEGAMONT,199.3,214.2,212.0,29 Sep 2026,214.2,30 Sep 2026
2026-09-30,538401,METSL,228.05,259.15,243.35,29 Sep 2026,262.15,02 Jan 2025
2026-09-30,521244,MKPMOB,228.9,231.0,220.9,29 Sep 2026,348.6,06 Aug 2024
2026-09-30,539767,MNIL,58.76,58.76,55.3,29 Sep 2026,132.05,11 Jan 2017
2026-09-30,500288,MOREPENLAB,126.0,128.2,126.9,21 Sep 2026,1209.0,11 Feb 2000
2026-09-30,505797,MPCOSEMB,42.3,42.31,40.3,29 Sep 2026,100.0,27 Mar 1992
2026-09-30,544773,MRTX,441.45,506.0,483.9,25 Jun 2026,506.0,30 Sep 2026
2026-09-30,544751,MTL,131.4,133.35,127.26,29 Apr 2026,133.35,30 Sep 2026
2026-09-30,500460,MUKANDLTD,179.95,184.7,174.0,29 Sep 2026,500.0,02 Apr 1992
2026-09-30,543280,NAZARA,392.75,402.15,391.0,29 Sep 2026,3354.4,11 Oct 2021
2026-09-30,508867,NEWMKTAVE,95.31,95.31,94.32,29 Sep 2026,95.31,30 Sep 2026
2026-09-30,539200,NOBPOL,17.26,17.26,16.93,29 Sep 2026,129.6,12 Aug 2015
2026-09-30,543264,NURECA,362.85,375.0,374.4,29 Sep 2026,2316.6,08 Oct 2021
2026-09-30,544278,OCCLLTD,187.5,187.5,184.5,04 Aug 2026,187.5,30 Sep 2026
2026-09-30,544748,ONEPOINT,73.43,74.32,74.01,29 Sep 2026,74.32,30 Sep 2026
2026-09-30,512626,ORBTEXP,253.95,283.95,280.35,11 Aug 2026,494.8,17 Jul 2015
2026-09-30,543997,ORGANICREC,207.45,209.8,202.95,25 Sep 2026,400.0,20 Dec 2024
2026-09-30,511734,PASUFIN,26.29,26.29,25.04,29 Sep 2026,50.0,27 Jan 2010
2026-09-30,517172,PERVASIVE,11.87,11.87,11.64,29 Sep 2026,35.0,03 Nov 1992
2026-09-30,500143,PHCAP,1286.15,1299.5,1264.0,29 Sep 2026,1299.5,30 Sep 2026
2026-09-30,509084,PHOTON,380.45,380.45,373.0,29 Sep 2026,380.45,30 Sep 2026
2026-09-30,544538,PRARUH,188.8,188.8,179.85,29 Sep 2026,188.8,30 Sep 2026
2026-09-30,544912,PRASOLCHEM,841.25,915.95,839.65,29 Sep 2026,915.95,30 Sep 2026
2026-09-30,519299,PRIMIND,88.24,88.24,84.04,29 Sep 2026,282.95,04 Mar 2024
2026-09-30,540703,PROCLB,49.0,51.0,50.0,29 Sep 2026,56.66,23 Dec 2024
2026-09-30,523315,PURITY,0.93,0.93,0.89,25 Aug 2026,50.0,24 Mar 1992
2026-09-30,544367,QPOWER,1585.85,1672.4,1635.7,29 Sep 2026,1672.4,30 Sep 2026
2026-09-30,544336,QUADFUTURE,547.5,567.8,564.65,28 Sep 2026,743.45,06 Feb 2025
2026-09-30,511185,RAJVI,34.51,34.51,32.87,25 Sep 2026,34.51,30 Sep 2026
2026-09-30,500330,RAYMOND,1215.2,1241.4,1235.75,28 Sep 2026,3493.0,08 Jul 2024
2026-09-30,544060,RBZJEWEL,205.45,208.3,205.45,04 Sep 2026,255.35,15 Jan 2024
2026-09-30,540175,REGENCY,50.86,53.29,48.8,01 Sep 2026,53.29,30 Sep 2026
2026-09-30,526861,RISHILASE,153.9,158.0,157.0,29 Sep 2026,206.0,08 Jan 2008
2026-09-30,544804,RIYAASAT,100.65,100.65,91.5,29 Sep 2026,100.65,30 Sep 2026
2026-09-30,544940,ROBOKIDZ,232.7,233.1,222.0,29 Sep 2026,233.1,30 Sep 2026
2026-09-30,544119,RPTECH,952.25,1004.0,951.45,05 Aug 2026,1004.0,30 Sep 2026
2026-09-30,530179,RSCINT,106.08,106.08,104.72,29 Sep 2026,106.08,30 Sep 2026
2026-09-30,532604,SALSTEEL,98.93,101.0,97.9,28 Sep 2026,101.0,30 Sep 2026
2026-09-30,544430,SAMBHV,164.85,167.3,163.5,29 Sep 2026,167.3,30 Sep 2026
2026-09-30,543897,SANCODE,817.1,817.1,801.1,29 Sep 2026,817.1,30 Sep 2026
2026-09-30,538992,SAPL,8577.95,8714.5,8559.2,29 Sep 2026,8714.5,30 Sep 2026
2026-09-30,542725,SBC,58.34,59.52,56.9,28 Sep 2026,208.1,11 Jan 2022
2026-09-30,533301,SHEKHAWATI,32.25,32.25,30.72,29 Sep 2026,85.17,10 Sep 2024
2026-09-30,544165,SHIVAM,141.75,143.2,139.0,25 Sep 2026,143.2,30 Sep 2026
2026-09-30,544490,SHREEJISPG,771.65,773.8,766.75,29 Sep 2026,773.8,30 Sep 2026
2026-09-30,532408,SIGMAADV,1022.55,1022.55,987.0,24 Sep 2026,1022.55,30 Sep 2026
2026-09-30,544947,SKOFFSET,126.35,129.0,,,129.0,30 Sep 2026
2026-09-30,543470,SOFTTECH,495.55,524.95,520.95,21 Sep 2026,607.85,12 Dec 2024
2026-09-30,524667,SOTL,719.35,862.8,844.0,07 Sep 2026,1822.65,09 Aug 2021
2026-09-30,521036,SOURCEIND,68.62,68.62,67.28,29 Sep 2026,68.62,30 Sep 2026
2026-09-30,544386,SPECTRUM,3841.1,3899.0,3785.0,29 Sep 2026,3899.0,30 Sep 2026
2026-09-30,513262,SSWL,407.95,413.95,404.15,29 Sep 2026,1990.0,01 Sep 2021
2026-09-30,526231,STDSFAC,233.91,233.91,222.78,29 Sep 2026,233.91,30 Sep 2026
2026-09-30,500404,SUNFLAG,454.9,470.15,469.0,29 Sep 2026,470.15,30 Sep 2026
2026-09-30,532733,SUNTV,604.1,664.6,660.0,20 Apr 2026,1849.0,08 Feb 2007
2026-09-30,543373,SVRL,651.95,681.0,670.0,29 Sep 2026,681.0,30 Sep 2026
2026-09-30,544949,SWASTIKAIN,209.95,209.95,,,209.95,30 Sep 2026
2026-09-30,517201,SWITCHTE,158.75,158.75,156.1,10 Jul 2026,230.0,24 Mar 1992
2026-09-30,544889,SYMBIOTEC,1176.05,1196.05,1193.9,10 Sep 2026,1196.05,30 Sep 2026
2026-09-30,524470,SYNCOMF,25.22,27.53,26.64,29 Sep 2026,155.0,17 Jun 2013
2026-09-30,543573,SYRMA,1781.9,1820.0,1803.6,22 Sep 2026,1820.0,30 Sep 2026
2026-09-30,544541,SYSTEMATIC,295.1,298.95,296.0,10 Sep 2026,298.95,30 Sep 2026
2026-09-30,543413,TEGA,2107.9,2197.5,2174.0,22 Sep 2026,2327.45,07 Nov 2024
2026-09-30,526650,TFCILTD,142.8,148.6,148.0,04 Sep 2026,364.9,15 Sep 2025
2026-09-30,544740,TIPCO,332.55,336.85,320.85,29 Sep 2026,336.85,30 Sep 2026
2026-09-30,500422,TRANSCHEM,416.5,433.0,417.0,22 Sep 2026,433.0,30 Sep 2026
2026-09-30,531411,TUNITEX,2.1,2.1,2.0,29 Sep 2026,329.4,06 Apr 2011
2026-09-30,544406,UNIFIED,526.95,535.0,519.0,29 Sep 2026,535.0,30 Sep 2026
2026-09-30,544948,UNITEC,90.6,93.6,,,93.6,30 Sep 2026
2026-09-30,544756,UNITEDPOLY,47.48,47.55,47.25,28 Sep 2026,47.55,30 Sep 2026
2026-09-30,526775,VALIANT,1734.0,1891.35,1678.0,29 Sep 2026,1891.35,30 Sep 2026
2026-09-30,540145,VALIANTORG,456.3,467.15,441.8,21 Sep 2026,3851.0,05 Nov 2020
2026-09-30,505232,VELJAN,2144.65,2144.65,2090.0,25 Sep 2026,4200.0,28 Mar 2024
2026-09-30,506196,VIKSHEN,10.23,10.23,9.75,29 Sep 2026,10.23,30 Sep 2026
2026-09-30,544939,VIVEKANAND,41.1,43.98,41.89,29 Sep 2026,43.98,30 Sep 2026
2026-09-30,517399,VXLINSTR,5.61,6.1,5.86,29 Sep 2026,424.0,23 Feb 2000
2026-09-30,503675,WAGEND,1.3,1.45,1.4,28 Sep 2026,268.0,05 Jun 2012
2026-09-30,533252,WELINV,2457.0,2457.0,2408.9,29 Sep 2026,2457.0,30 Sep 2026
2026-10-01,543083,09MPD,10.69,10.69,9.72,30 Sep 2026,10.69,01 Oct 2026
2026-10-01,524412,AAREYDRUGS,103.05,107.55,104.1,21 Sep 2026,143.95,12 Sep 2017
2026-10-01,536737,ACFSL,83.3,92.0,87.63,30 Sep 2026,103.0,19 Nov 2013
2026-10-01,544669,ADMACH,499.85,524.75,505.3,30 Sep 2026,524.75,01 Oct 2026
2026-10-01,544950,ADROITIND,235.95,259.8,250.0,30 Sep 2026,259.8,01 Oct 2026
2026-10-01,522150,ADTYFRG,34.6,34.6,,,40.0,29 Nov 1994
2026-10-01,526331,ADVMULT,139.1,139.1,132.52,30 Sep 2026,139.1,01 Oct 2026
2026-10-01,506947,ADVPETR-B,868.9,868.9,827.55,30 Sep 2026,868.9,01 Oct 2026
2026-10-01,544425,AJCJEWEL,432.6,432.6,428.0,30 Sep 2026,432.6,01 Oct 2026
2026-10-01,544555,AMEENJI,272.1,274.15,261.45,30 Sep 2026,274.15,01 Oct 2026
2026-10-01,544037,AMIC,2498.4,2520.0,2505.0,23 Sep 2026,2520.0,01 Oct 2026
2026-10-01,539265,AMRAFIN,40.46,40.46,38.54,30 Sep 2026,128.0,11 Aug 2016
2026-10-01,544920,AMTECH,120.6,123.7,123.0,30 Sep 2026,123.7,01 Oct 2026
2026-10-01,501270,ANTARIKSH,19.27,19.27,18.9,30 Sep 2026,19.27,01 Oct 2026
2026-10-01,544952,AONESTEELS,417.0,469.45,,,469.45,01 Oct 2026
2026-10-01,544529,APPL,360.8,370.5,368.15,30 Sep 2026,446.8,07 May 2026
2026-10-01,544812,ATHARVA,126.6,128.05,127.55,24 Sep 2026,128.05,01 Oct 2026
2026-10-01,530889,AUDROC,22.64,22.64,22.2,30 Sep 2026,30.0,17 Aug 1995
2026-10-01,544888,AUGMONT,1203.55,1205.05,1136.0,30 Sep 2026,1205.05,01 Oct 2026
2026-10-01,517230,AURIQUE,39.16,39.16,37.3,30 Sep 2026,140.0,20 Oct 1994
2026-10-01,532395,AXISCADES,2304.25,2348.8,2280.05,30 Sep 2026,2348.8,01 Oct 2026
2026-10-01,532989,BAFNAPH,385.0,385.25,377.7,30 Sep 2026,385.25,01 Oct 2026
2026-10-01,517246,BCCFUBA,317.55,319.5,308.95,28 Sep 2026,319.5,01 Oct 2026
2026-10-01,544369,BEEZAASAN,725.05,725.05,710.85,30 Sep 2026,725.05,01 Oct 2026
2026-10-01,530803,BHAGERIA,383.0,424.7,413.85,30 Sep 2026,711.35,25 Oct 2016
2026-10-01,543209,BILLWIN,44.23,44.23,42.8,13 Oct 2025,103.8,25 Apr 2024
2026-10-01,523398,BOSCH-HCIL,1969.85,1985.85,1979.65,30 Sep 2026,3375.0,04 Mar 2020
2026-10-01,530207,BRAWN,24.6,24.74,24.37,17 Nov 2025,95.6,17 Apr 2017
2026-10-01,544380,CASHIETF,1082.27,1082.27,1082.25,28 Aug 2026,1082.27,01 Oct 2026
2026-10-01,544000,CCAL,50.6,50.6,49.61,30 Sep 2026,50.6,01 Oct 2026
2026-10-01,542678,CHCL,24.48,24.48,24.0,30 Sep 2026,62.9,23 May 2019
2026-10-01,539230,CHEMIESYNT,103.64,103.64,98.71,16 Sep 2026,103.64,01 Oct 2026
2026-10-01,543172,COSPOWER,3195.0,3199.95,3119.85,30 Sep 2026,3199.95,01 Oct 2026
2026-10-01,544440,CRYOGENIC,443.0,443.15,441.55,29 Sep 2026,443.15,01 Oct 2026
2026-10-01,530843,CUPID,312.9,314.4,312.1,30 Sep 2026,2833.0,02 Mar 2024
2026-10-01,544161,DPABHUSHAN,1877.55,1928.8,1813.8,30 Sep 2026,1928.8,01 Oct 2026
2026-10-01,531471,DUKEOFS,89.22,89.22,87.48,30 Sep 2026,171.0,10 Apr 2017
2026-10-01,505242,DYNAMATECH,13785.3,13990.0,13657.1,30 Sep 2026,13990.0,01 Oct 2026
2026-10-01,544907,FINANCE,50.3,50.3,47.91,30 Sep 2026,50.3,01 Oct 2026
2026-10-01,532379,FIRSTFIN,13.49,13.89,13.24,30 Sep 2026,64.0,20 Oct 2011
2026-10-01,539486,GEETANJ,9.83,9.83,9.37,28 Sep 2026,24.0,30 Jun 2016
2026-10-01,513343,GFSTEELS,33.99,33.99,33.33,30 Sep 2026,117.5,24 Aug 1992
2026-10-01,544666,GKSL,194.2,210.2,186.85,21 Sep 2026,210.2,01 Oct 2026
2026-10-01,590159,GROWWLIQID,111.02,111.02,110.96,30 Sep 2026,111.02,01 Oct 2026
2026-10-01,500178,HARCR,41.13,41.13,40.33,30 Sep 2026,80.0,31 Mar 1992
2026-10-01,543600,HARSHA,473.75,484.45,476.7,21 Sep 2026,610.75,08 Jul 2024
2026-10-01,544936,HEROMOTORS,167.8,167.8,156.03,28 Sep 2026,167.8,01 Oct 2026
2026-10-01,544741,HIGHNESS,251.95,251.95,247.05,29 Sep 2026,251.95,01 Oct 2026
2026-10-01,539984,HIIL,516.25,516.25,506.15,30 Sep 2026,6140.55,03 Sep 2021
2026-10-01,500449,HOCL,52.84,55.6,53.35,30 Sep 2026,107.7,02 Jan 2008
2026-10-01,531841,INDUSFINL,328.15,329.75,323.3,30 Sep 2026,329.75,01 Oct 2026
2026-10-01,544930,INJECTO,97.25,100.25,100.0,22 Sep 2026,100.25,01 Oct 2026
2026-10-01,533315,INOVSYNTH,157.35,157.35,154.3,30 Sep 2026,157.35,01 Oct 2026
2026-10-01,504786,INVPRECQ,1594.15,1600.0,1575.0,30 Sep 2026,1620.05,02 May 2006
2026-10-01,543860,JAFINANCE,158.5,159.4,155.1,30 Sep 2026,178.55,19 May 2025
2026-10-01,544935,JSIPL,171.45,171.45,163.31,30 Sep 2026,171.45,01 Oct 2026
2026-10-01,544917,KARAMTARA,411.05,429.35,396.15,30 Sep 2026,429.35,01 Oct 2026
2026-10-01,524019,KINGFA,6585.45,6621.25,6597.9,30 Sep 2026,6621.25,01 Oct 2026
2026-10-01,544754,KISSHT,372.0,385.95,373.3,18 Sep 2026,385.95,01 Oct 2026
2026-10-01,524520,KMCSHIL,171.95,178.4,175.55,30 Sep 2026,178.4,01 Oct 2026
2026-10-01,539408,KUBERJI,69.27,69.27,65.98,30 Sep 2026,95.0,25 Jan 2017
2026-10-01,544879,LALITHAA,388.55,395.0,393.65,30 Sep 2026,395.0,01 Oct 2026
2026-10-01,532740,LOKESHMACH,400.3,411.0,385.0,03 Sep 2026,475.0,23 Apr 2024
2026-10-01,544469,LOTUSDEV,227.55,233.0,227.4,24 Sep 2026,233.0,01 Oct 2026
2026-10-01,512377,MAGANTR,0.26,0.26,0.25,29 Sep 2026,5.64,09 Aug 2024
2026-10-01,532629,MBECL,493.85,493.85,484.18,30 Sep 2026,493.85,01 Oct 2026
2026-10-01,530757,MIDAAS,132.0,137.9,134.85,29 Jul 2026,137.9,01 Oct 2026
2026-10-01,521244,MKPMOB,238.0,240.3,231.0,30 Sep 2026,348.6,06 Aug 2024
2026-10-01,539767,MNIL,60.73,61.0,58.76,30 Sep 2026,132.05,11 Jan 2017
2026-10-01,544953,MONEYVIEW,54.03,62.0,,,62.0,01 Oct 2026
2026-10-01,500288,MOREPENLAB,133.7,135.35,128.2,30 Sep 2026,1209.0,11 Feb 2000
2026-10-01,505797,MPCOSEMB,40.19,44.34,42.31,30 Sep 2026,100.0,27 Mar 1992
2026-10-01,544751,MTL,133.05,139.9,133.35,30 Sep 2026,139.9,01 Oct 2026
2026-10-01,531289,NATFIT,311.6,330.0,329.85,22 Sep 2026,330.0,01 Oct 2026
2026-10-01,531834,NATHUEC,37.22,40.95,40.23,11 Sep 2026,58.65,30 Mar 2000
2026-10-01,508867,NEWMKTAVE,97.21,97.21,95.31,30 Sep 2026,97.21,01 Oct 2026
2026-10-01,539200,NOBPOL,17.6,17.6,17.26,30 Sep 2026,129.6,12 Aug 2015
2026-10-01,544278,OCCLLTD,193.55,196.7,187.5,30 Sep 2026,196.7,01 Oct 2026
2026-10-01,533632,ONELIFECAP,41.5,42.4,40.9,07 Jul 2026,848.9,25 Oct 2012
2026-10-01,544748,ONEPOINT,74.32,74.5,74.32,30 Sep 2026,74.5,01 Oct 2026
2026-10-01,543997,ORGANICREC,201.2,213.0,209.8,30 Sep 2026,400.0,20 Dec 2024
2026-10-01,511734,PASUFIN,26.81,26.81,26.29,30 Sep 2026,50.0,27 Jan 2010
2026-10-01,544460,PATELCHEM,120.55,120.55,115.0,24 Sep 2026,120.89,17 Sep 2025
2026-10-01,517172,PERVASIVE,12.1,12.1,11.87,30 Sep 2026,35.0,03 Nov 1992
2026-10-01,544955,PESHWA,95.05,100.05,,,100.05,01 Oct 2026
2026-10-01,500143,PHCAP,1334.6,1348.0,1299.5,30 Sep 2026,1348.0,01 Oct 2026
2026-10-01,509084,PHOTON,388.05,388.05,380.45,30 Sep 2026,388.05,01 Oct 2026
2026-10-01,544383,PPARIVAH,302.95,312.0,306.0,25 Sep 2026,312.0,01 Oct 2026
2026-10-01,544538,PRARUH,180.0,189.0,188.8,30 Sep 2026,189.0,01 Oct 2026
2026-10-01,519299,PRIMIND,92.65,92.65,88.24,30 Sep 2026,282.95,04 Mar 2024
2026-10-01,505502,PSITINFRA,1.92,1.92,1.89,30 Sep 2026,592.6,20 Aug 2014
2026-10-01,522281,RAMRAT,616.9,620.3,602.0,28 Aug 2026,786.85,30 Jul 2025
2026-10-01,544755,RECODE,450.0,469.6,456.0,29 Sep 2026,469.6,01 Oct 2026
2026-10-01,544804,RIYAASAT,101.0,110.7,100.65,30 Sep 2026,110.7,01 Oct 2026
2026-10-01,517286,RNITAI,111.95,111.95,111.5,28 Sep 2026,120.0,17 Oct 1994
2026-10-01,544954,ROOPA,115.52,127.68,,,127.68,01 Oct 2026
2026-10-01,544294,ROSSTECH,1520.25,1531.6,1530.0,22 Sep 2026,1531.6,01 Oct 2026
2026-10-01,530179,RSCINT,104.0,108.2,106.08,30 Sep 2026,108.2,01 Oct 2026
2026-10-01,532604,SALSTEEL,98.49,102.0,101.0,30 Sep 2026,102.0,01 Oct 2026
2026-10-01,543897,SANCODE,833.4,833.4,817.1,30 Sep 2026,833.4,01 Oct 2026
2026-10-01,538992,SAPL,8149.1,8999.8,8714.5,30 Sep 2026,8999.8,01 Oct 2026
2026-10-01,542725,SBC,58.58,59.54,59.52,30 Sep 2026,208.1,11 Jan 2022
2026-10-01,540786,SHARIKA,23.21,23.21,22.69,17 Jul 2026,67.95,02 Jun 2021
2026-10-01,533301,SHEKHAWATI,30.64,33.86,32.25,30 Sep 2026,85.17,10 Sep 2024
2026-10-01,530549,SHILPAMED,1063.65,1095.65,1075.75,21 Sep 2026,1246.7,05 Aug 2015
2026-10-01,544490,SHREEJISPG,775.35,779.0,773.8,30 Sep 2026,779.0,01 Oct 2026
2026-10-01,524632,SHUKRAPHAR,61.84,65.4,65.26,19 Dec 2025,388.0,07 Mar 2024
2026-10-01,532408,SIGMAADV,1073.65,1073.65,1022.55,30 Sep 2026,1073.65,01 Oct 2026
2026-10-01,513496,SIZEMASTER,418.6,432.0,424.0,29 Sep 2026,432.0,01 Oct 2026
2026-10-01,540269,SKL,15.75,15.75,15.12,29 Sep 2026,19.4,16 Jan 2018
2026-10-01,521036,SOURCEIND,69.99,69.99,68.62,30 Sep 2026,69.99,01 Oct 2026
2026-10-01,544386,SPECTRUM,3805.35,4032.8,3899.0,30 Sep 2026,4032.8,01 Oct 2026
2026-10-01,544925,SPEEDEX,257.6,274.0,269.8,25 Sep 2026,274.0,01 Oct 2026
2026-10-01,513262,SSWL,390.85,418.25,413.95,30 Sep 2026,1990.0,01 Sep 2021
2026-10-01,526231,STDSFAC,222.25,245.6,233.91,30 Sep 2026,245.6,01 Oct 2026
2026-10-01,543373,SVRL,679.0,681.5,681.0,30 Sep 2026,681.5,01 Oct 2026
2026-10-01,539406,SWAGTAM,75.99,76.89,75.87,24 Jun 2026,230.6,17 Mar 2022
2026-10-01,544949,SWASTIKAIN,216.1,220.4,209.95,30 Sep 2026,220.4,01 Oct 2026
2026-10-01,517201,SWITCHTE,165.0,166.65,158.75,30 Sep 2026,230.0,24 Mar 1992
2026-10-01,544889,SYMBIOTEC,1199.3,1245.65,1196.05,30 Sep 2026,1245.65,01 Oct 2026
2026-10-01,543573,SYRMA,1718.3,1823.0,1820.0,30 Sep 2026,1823.0,01 Oct 2026
2026-10-01,522294,TIGLOB,208.55,212.0,209.7,27 Nov 2025,352.4,24 Nov 2023
2026-10-01,531411,TUNITEX,2.14,2.14,2.1,30 Sep 2026,329.4,06 Apr 2011
2026-10-01,544948,UNITEC,95.13,95.13,93.6,30 Sep 2026,95.13,01 Oct 2026
2026-10-01,544756,UNITEDPOLY,46.72,48.0,47.55,30 Sep 2026,48.0,01 Oct 2026
2026-10-01,530579,UYFINCORP,22.97,23.0,22.37,07 Aug 2026,54.25,20 Jan 2012
2026-10-01,540145,VALIANTORG,478.35,482.0,467.15,30 Sep 2026,3851.0,05 Nov 2020
2026-10-01,505232,VELJAN,2251.85,2251.85,2144.65,30 Sep 2026,4200.0,28 Mar 2024
2026-10-01,530477,VIKRAMTH,405.9,445.0,440.0,28 Sep 2026,445.0,01 Oct 2026
2026-10-01,544002,VIVAA,138.0,138.0,134.0,28 Sep 2026,138.0,01 Oct 2026
2026-10-01,514162,WELSPUNLIV,239.05,245.0,233.15,23 Sep 2026,1007.15,14 Mar 2016
2026-10-01,522108,YUKEN,1125.95,1158.0,1148.7,23 Sep 2026,4990.0,30 Jan 2018
2026-10-01,541400,ZIMLAB,136.45,145.0,144.85,28 Sep 2026,480.0,02 Jul 2018
2026-10-05,543083,09MPD,11.75,11.75,10.69,01 Oct 2026,11.75,05 Oct 2026
2026-10-05,532057,ABHICAP,143.15,151.1,151.0,29 Sep 2026,301.15,13 Jun 2022
2026-10-05,544962,ACEVECTOR,26.1,28.68,,,28.68,05 Oct 2026
2026-10-05,522150,ADTYFRG,36.33,36.33,34.6,01 Oct 2026,40.0,29 Nov 1994
2026-10-05,526331,ADVMULT,146.05,146.05,139.1,01 Oct 2026,146.05,05 Oct 2026
2026-10-05,506947,ADVPETR-B,912.3,912.3,868.9,01 Oct 2026,912.3,05 Oct 2026
2026-10-05,544634,AEQUS,285.05,287.95,286.05,30 Sep 2026,287.95,05 Oct 2026
2026-10-05,544743,AEROPLANE,211.35,216.9,212.35,28 Sep 2026,216.9,05 Oct 2026
2026-10-05,544767,AFLTD,105.0,107.88,104.7,23 Sep 2026,107.88,05 Oct 2026
2026-10-05,544555,AMEENJI,280.45,280.9,274.15,01 Oct 2026,280.9,05 Oct 2026
2026-10-05,544037,AMIC,2576.8,2600.0,2520.0,01 Oct 2026,2600.0,05 Oct 2026
2026-10-05,544920,AMTECH,114.1,127.9,123.7,01 Oct 2026,127.9,05 Oct 2026
2026-10-05,532870,ANKITMETAL,2.21,2.21,2.11,01 Oct 2026,107.5,28 May 2008
2026-10-05,501270,ANTARIKSH,19.65,19.65,19.27,01 Oct 2026,19.65,05 Oct 2026
2026-10-05,538556,ARMAN,134.9,139.0,135.0,01 Oct 2026,181.0,11 Nov 2015
2026-10-05,530889,AUDROC,23.09,23.09,22.64,01 Oct 2026,30.0,17 Aug 1995
2026-10-05,544888,AUGMONT,1222.3,1263.7,1205.05,01 Oct 2026,1263.7,05 Oct 2026
2026-10-05,517230,AURIQUE,41.11,41.11,39.16,01 Oct 2026,140.0,20 Oct 1994
2026-10-05,524804,AUROPHARMA,1670.0,1739.95,1739.6,24 Sep 2026,1739.95,05 Oct 2026
2026-10-05,532395,AXISCADES,2282.15,2360.0,2348.8,01 Oct 2026,2360.0,05 Oct 2026
2026-10-05,532989,BAFNAPH,392.7,392.7,385.25,01 Oct 2026,392.7,05 Oct 2026
2026-10-05,517246,BCCFUBA,314.1,332.35,319.5,01 Oct 2026,332.35,05 Oct 2026
2026-10-05,544369,BEEZAASAN,739.55,739.55,725.05,01 Oct 2026,739.55,05 Oct 2026
2026-10-05,544052,BENCHMARK,47.9,48.4,47.88,08 Jul 2026,89.04,29 Dec 2023
2026-10-05,543209,BILLWIN,46.44,46.44,44.23,01 Oct 2026,103.8,25 Apr 2024
2026-10-05,523398,BOSCH-HCIL,1997.4,2031.9,1985.85,01 Oct 2026,3375.0,04 Mar 2020
2026-10-05,544380,CASHIETF,1082.4,1082.42,1082.27,01 Oct 2026,1082.42,05 Oct 2026
2026-10-05,544000,CCAL,51.61,51.61,50.6,01 Oct 2026,51.61,05 Oct 2026
2026-10-05,542678,CHCL,24.96,24.96,24.48,01 Oct 2026,62.9,23 May 2019
2026-10-05,543172,COSPOWER,3297.5,3300.0,3199.95,01 Oct 2026,3300.0,05 Oct 2026
2026-10-05,544440,CRYOGENIC,452.0,453.0,443.15,01 Oct 2026,453.0,05 Oct 2026
2026-10-05,530843,CUPID,310.0,316.0,314.4,01 Oct 2026,2833.0,02 Mar 2024
2026-10-05,544201,DFPL,31.15,31.15,29.8,25 Sep 2026,144.2,05 Jul 2024
2026-10-05,544161,DPABHUSHAN,2154.5,2200.0,1928.8,01 Oct 2026,2200.0,05 Oct 2026
2026-10-05,544961,DUDANI,25.0,25.0,,,25.0,05 Oct 2026
2026-10-05,531471,DUKEOFS,91.0,91.0,89.22,01 Oct 2026,171.0,10 Apr 2017
2026-10-05,505242,DYNAMATECH,14239.45,14365.5,13990.0,01 Oct 2026,14365.5,05 Oct 2026
2026-10-05,543626,EMIL,205.05,211.6,209.0,30 Sep 2026,261.75,09 Jul 2024
2026-10-05,544907,FINANCE,52.81,52.81,50.3,01 Oct 2026,52.81,05 Oct 2026
2026-10-05,532379,FIRSTFIN,14.16,14.16,13.89,01 Oct 2026,64.0,20 Oct 2011
2026-10-05,531463,GBLINFRA,119.5,121.85,120.68,28 Sep 2026,121.85,05 Oct 2026
2026-10-05,543324,GCSL,685.75,739.95,701.95,24 Sep 2026,875.0,31 Dec 2024
2026-10-05,539486,GEETANJ,10.32,10.32,9.83,01 Oct 2026,24.0,30 Jun 2016
2026-10-05,544957,GERMAN,128.2,143.5,,,143.5,05 Oct 2026
2026-10-05,513343,GFSTEELS,34.66,34.66,33.99,01 Oct 2026,117.5,24 Aug 1992
2026-10-05,590159,GROWWLIQID,111.02,111.03,111.02,01 Oct 2026,111.03,05 Oct 2026
2026-10-05,530469,GSLSEC,64.68,64.68,61.81,12 Jan 2026,64.68,05 Oct 2026
2026-10-05,500178,HARCR,41.95,41.95,41.13,01 Oct 2026,80.0,31 Mar 1992
2026-10-05,544936,HEROMOTORS,169.5,179.0,167.8,01 Oct 2026,179.0,05 Oct 2026
2026-10-05,544741,HIGHNESS,256.95,256.95,251.95,01 Oct 2026,256.95,05 Oct 2026
2026-10-05,539984,HIIL,526.55,526.55,516.25,01 Oct 2026,6140.55,03 Sep 2021
2026-10-05,544943,HNIL,128.7,128.7,123.9,29 Sep 2026,128.7,05 Oct 2026
2026-10-05,506945,IGLFXPL-B,3.27,3.27,3.12,31 Aug 2026,190.0,28 Apr 1992
2026-10-05,532614,IMPEXFERRO,6.21,6.45,6.33,30 Sep 2026,48.4,09 Feb 2005
2026-10-05,513361,INDIAHOMES,29.83,31.93,31.89,08 Sep 2026,260.0,12 Apr 1994
2026-10-05,533315,INOVSYNTH,157.4,160.45,157.35,01 Oct 2026,160.45,05 Oct 2026
2026-10-05,504786,INVPRECQ,1597.45,1668.95,1600.0,01 Oct 2026,1668.95,05 Oct 2026
2026-10-05,543860,JAFINANCE,150.6,160.0,159.4,01 Oct 2026,178.55,19 May 2025
2026-10-05,505840,JAIPAN,45.28,45.28,45.0,17 Mar 2026,610.0,24 Jun 1996
2026-10-05,500306,JAYKAY,221.55,230.0,225.46,04 Nov 2025,244.0,04 Nov 2025
2026-10-05,544935,JSIPL,180.0,180.0,171.45,01 Oct 2026,180.0,05 Oct 2026
2026-10-05,544911,KANOHAR,1019.05,1048.0,938.0,23 Sep 2026,1048.0,05 Oct 2026
2026-10-05,544917,KARAMTARA,416.3,433.85,429.35,01 Oct 2026,433.85,05 Oct 2026
2026-10-05,524500,KILITCH,233.5,248.25,234.0,28 Sep 2026,500.05,28 May 2025
2026-10-05,524019,KINGFA,6667.05,6685.0,6621.25,01 Oct 2026,6685.0,05 Oct 2026
2026-10-05,544754,KISSHT,379.1,388.25,385.95,01 Oct 2026,388.25,05 Oct 2026
2026-10-05,530771,KLGCAP,19.2,21.22,21.09,22 Dec 2025,563.1,11 Sep 2008
2026-10-05,544139,KOURA,53.15,53.5,53.02,18 Sep 2026,78.75,14 Mar 2024
2026-10-05,539408,KUBERJI,70.52,72.7,69.27,01 Oct 2026,95.0,25 Jan 2017
2026-10-05,544879,LALITHAA,392.6,405.8,395.0,01 Oct 2026,405.8,05 Oct 2026
2026-10-05,544576,LGEINDIA,1768.5,1825.0,1755.55,17 Aug 2026,1825.0,05 Oct 2026
2026-10-05,532740,LOKESHMACH,445.3,451.6,411.0,01 Oct 2026,475.0,23 Apr 2024
2026-10-05,544469,LOTUSDEV,237.2,238.9,233.0,01 Oct 2026,238.9,05 Oct 2026
2026-10-05,543291,MAFANG,259.19,261.36,258.4,09 Sep 2026,261.36,05 Oct 2026
2026-10-05,512377,MAGANTR,0.27,0.27,0.26,01 Oct 2026,5.64,09 Aug 2024
2026-10-05,531515,MAHANIN,29.27,29.27,27.88,01 Oct 2026,45.9,08 Jul 1996
2026-10-05,532629,MBECL,503.7,503.7,493.85,01 Oct 2026,503.7,05 Oct 2026
2026-10-05,507836,MCCHRLS-B,670.4,799.9,785.0,08 Apr 2026,914.0,11 Feb 2022
2026-10-05,530757,MIDAAS,138.6,138.6,137.9,01 Oct 2026,138.6,05 Oct 2026
2026-10-05,521244,MKPMOB,235.55,240.4,240.3,01 Oct 2026,348.6,06 Aug 2024
2026-10-05,539767,MNIL,57.7,62.0,61.0,01 Oct 2026,132.05,11 Jan 2017
2026-10-05,500288,MOREPENLAB,135.3,137.5,135.35,01 Oct 2026,1209.0,11 Feb 2000
2026-10-05,539275,MSL,149.8,169.95,169.75,25 Feb 2026,367.1,19 Feb 2024
2026-10-05,500460,MUKANDLTD,182.6,189.8,184.7,30 Sep 2026,500.0,02 Apr 1992
2026-10-05,508867,NEWMKTAVE,99.15,99.15,97.21,01 Oct 2026,99.15,05 Oct 2026
2026-10-05,539200,NOBPOL,17.95,17.95,17.6,01 Oct 2026,129.6,12 Aug 2015
2026-10-05,544278,OCCLLTD,197.1,201.95,196.7,01 Oct 2026,201.95,05 Oct 2026
2026-10-05,533632,ONELIFECAP,43.57,43.57,42.4,01 Oct 2026,848.9,25 Oct 2012
2026-10-05,544748,ONEPOINT,78.42,80.99,74.5,01 Oct 2026,80.99,05 Oct 2026
2026-10-05,544960,ORIENTCABL,403.3,465.3,,,465.3,05 Oct 2026
2026-10-05,539469,PANORAMA,63.6,69.55,64.5,28 Sep 2026,1199.0,30 Jul 2024
2026-10-05,540359,PARMAX,139.1,139.1,137.75,28 Sep 2026,139.1,05 Oct 2026
2026-10-05,511734,PASUFIN,27.0,27.34,26.81,01 Oct 2026,50.0,27 Jan 2010
2026-10-05,544460,PATELCHEM,137.9,141.65,120.55,01 Oct 2026,141.65,05 Oct 2026
2026-10-05,517172,PERVASIVE,12.34,12.34,12.1,01 Oct 2026,35.0,03 Nov 1992
2026-10-05,500143,PHCAP,1355.0,1355.0,1348.0,01 Oct 2026,1355.0,05 Oct 2026
2026-10-05,509084,PHOTON,395.8,395.8,388.05,01 Oct 2026,395.8,05 Oct 2026
2026-10-05,539401,PJL,340.0,340.0,325.0,25 Aug 2026,378.0,03 Jun 2025
2026-10-05,519299,PRIMIND,97.28,97.28,92.65,01 Oct 2026,282.95,04 Mar 2024
2026-10-05,505502,PSITINFRA,1.95,1.95,1.92,01 Oct 2026,592.6,20 Aug 2014
2026-10-05,500357,RAMAPPR-B,17.6,18.25,17.78,22 Sep 2026,108.8,10 Oct 2011
2026-10-05,544803,RAMBHAJO,305.55,317.0,308.25,22 Sep 2026,317.0,05 Oct 2026
2026-10-05,522281,RAMRAT,635.25,662.45,620.3,01 Oct 2026,786.85,30 Jul 2025
2026-10-05,500330,RAYMOND,1304.35,1311.85,1241.4,30 Sep 2026,3493.0,08 Jul 2024
2026-10-05,543325,ROLEXRINGS,189.7,199.45,198.35,28 Sep 2026,2788.95,27 Sep 2024
2026-10-05,544294,ROSSTECH,1608.3,1625.0,1531.6,01 Oct 2026,1625.0,05 Oct 2026
2026-10-05,544959,RUNWALENTR,298.95,307.35,,,307.35,05 Oct 2026
2026-10-05,544958,SAIURJA,140.45,140.45,,,140.45,05 Oct 2026
2026-10-05,532604,SALSTEEL,93.57,102.4,102.0,01 Oct 2026,102.4,05 Oct 2026
2026-10-05,544430,SAMBHV,164.65,171.5,167.3,30 Sep 2026,171.5,05 Oct 2026
2026-10-05,514234,SANGAMIND,629.75,692.95,675.95,20 Jul 2026,692.95,05 Oct 2026
2026-10-05,542725,SBC,62.12,63.1,59.54,01 Oct 2026,208.1,11 Jan 2022
2026-10-05,544723,SEDEMAC,3373.85,3687.15,3595.95,28 Sep 2026,3687.15,05 Oct 2026
2026-10-05,512399,SERA,60.61,62.0,61.9,08 Sep 2026,432.15,27 Apr 2023
2026-10-05,501479,SFTL,11.57,11.57,,,11.57,05 Oct 2026
2026-10-05,540786,SHARIKA,22.05,24.37,23.21,01 Oct 2026,67.95,02 Jun 2021
2026-10-05,544165,SHIVAM,145.0,149.0,143.2,30 Sep 2026,149.0,05 Oct 2026
2026-10-05,544490,SHREEJISPG,779.8,787.3,779.0,01 Oct 2026,787.3,05 Oct 2026
2026-10-05,503804,SHRIDINE,385.55,410.0,403.7,18 Aug 2026,3249.45,06 Nov 2007
2026-10-05,524632,SHUKRAPHAR,70.15,73.72,65.4,01 Oct 2026,388.0,07 Mar 2024
2026-10-05,532408,SIGMAADV,1127.3,1127.3,1073.65,01 Oct 2026,1127.3,05 Oct 2026
2026-10-05,540132,SIIL,18.9,18.9,18.22,22 May 2026,36.52,11 Nov 2024
2026-10-05,504398,SJCORP,190.0,191.9,191.8,28 Sep 2026,3464.6,27 Aug 2009
2026-10-05,540269,SKL,16.0,16.0,15.75,01 Oct 2026,19.4,16 Jan 2018
2026-10-05,523449,SMAART,130.25,130.25,129.0,28 Sep 2026,130.25,05 Oct 2026
2026-10-05,543263,SMCGLOBAL,114.56,118.8,106.25,29 Sep 2026,182.0,10 Jun 2024
2026-10-05,531548,SOMANYCERA,610.5,626.5,626.0,28 Sep 2026,973.8,05 Jan 2018
2026-10-05,521036,SOURCEIND,71.38,71.38,69.99,01 Oct 2026,71.38,05 Oct 2026
2026-10-05,532374,STLTECH,999.6,1002.0,954.3,01 Oct 2026,1179.85,09 Nov 2000
2026-10-05,543373,SVRL,682.7,689.0,681.5,01 Oct 2026,689.0,05 Oct 2026
2026-10-05,517201,SWITCHTE,164.75,171.95,166.65,01 Oct 2026,230.0,24 Mar 1992
2026-10-05,533553,TDPOWERSYS,812.55,856.0,818.85,15 Sep 2026,1597.35,18 Aug 2026
2026-10-05,508963,TRUSTWAVE,253.95,253.95,249.77,28 Sep 2026,253.95,05 Oct 2026
2026-10-05,531411,TUNITEX,2.18,2.18,2.14,01 Oct 2026,329.4,06 Apr 2011
2026-10-05,544948,UNITEC,95.67,97.69,95.13,01 Oct 2026,97.69,05 Oct 2026
2026-10-05,544756,UNITEDPOLY,48.25,50.19,48.0,01 Oct 2026,50.19,05 Oct 2026
2026-10-05,530579,UYFINCORP,23.89,24.11,23.0,01 Oct 2026,54.25,20 Jan 2012
2026-10-05,540145,VALIANTORG,476.0,502.7,482.0,01 Oct 2026,3851.0,05 Nov 2020
2026-10-05,505232,VELJAN,2364.25,2364.4,2251.85,01 Oct 2026,4200.0,28 Mar 2024
2026-10-05,544939,VIVEKANAND,42.45,45.0,43.98,30 Sep 2026,45.0,05 Oct 2026
2026-10-05,544310,YASHHV,1155.6,1168.0,1158.95,23 Sep 2026,1168.0,05 Oct 2026
2026-10-06,543083,09MPD,12.92,12.92,11.75,05 Oct 2026,12.92,06 Oct 2026
2026-10-06,524412,AAREYDRUGS,108.05,108.4,107.55,01 Oct 2026,143.95,12 Sep 2017
2026-10-06,543346,AASHKA,104.75,108.0,107.0,30 Sep 2026,126.55,03 Jul 2024
2026-10-06,544964,ACMEUNIV,106.05,106.05,,,106.05,06 Oct 2026
2026-10-06,543269,ADJIA,64.5,64.5,61.83,22 Jun 2026,74.65,15 Mar 2021
2026-10-06,522150,ADTYFRG,38.14,38.14,36.33,05 Oct 2026,40.0,29 Nov 1994
2026-10-06,526331,ADVMULT,153.35,153.35,146.05,05 Oct 2026,153.35,06 Oct 2026
2026-10-06,506947,ADVPETR-B,957.9,957.9,912.3,05 Oct 2026,957.9,06 Oct 2026
2026-10-06,544634,AEQUS,285.45,294.9,287.95,05 Oct 2026,294.9,06 Oct 2026
2026-10-06,543534,AETHER,1800.0,1813.0,1796.8,25 Sep 2026,1813.0,06 Oct 2026
2026-10-06,544767,AFLTD,110.24,110.24,107.88,05 Oct 2026,110.24,06 Oct 2026
2026-10-06,544502,AMANTA,196.6,210.0,206.65,09 Sep 2026,210.0,06 Oct 2026
2026-10-06,544555,AMEENJI,289.0,289.0,280.9,05 Oct 2026,289.0,06 Oct 2026
2026-10-06,544037,AMIC,2555.1,2605.0,2600.0,05 Oct 2026,2605.0,06 Oct 2026
2026-10-06,532870,ANKITMETAL,2.32,2.32,2.21,05 Oct 2026,107.5,28 May 2008
2026-10-06,501270,ANTARIKSH,20.04,20.04,19.65,05 Oct 2026,20.04,06 Oct 2026
2026-10-06,530889,AUDROC,23.55,23.55,23.09,05 Oct 2026,30.0,17 Aug 1995
2026-10-06,517230,AURIQUE,43.16,43.16,41.11,05 Oct 2026,140.0,20 Oct 1994
2026-10-06,540649,AVADHSUGAR,872.6,903.05,885.0,24 Aug 2026,1315.0,07 Nov 2017
2026-10-06,532989,BAFNAPH,400.55,400.55,392.7,05 Oct 2026,400.55,06 Oct 2026
2026-10-06,544369,BEEZAASAN,754.3,754.3,739.55,05 Oct 2026,754.3,06 Oct 2026
2026-10-06,544052,BENCHMARK,45.51,50.29,48.4,05 Oct 2026,89.04,29 Dec 2023
2026-10-06,500103,BHEL,451.5,453.8,446.75,17 Jul 2026,2925.0,07 Nov 2007
2026-10-06,543209,BILLWIN,44.12,48.76,46.44,05 Oct 2026,103.8,25 Apr 2024
2026-10-06,531458,BOSTON,10.54,11.05,10.95,22 Jan 2026,43.0,18 Mar 1996
2026-10-06,530207,BRAWN,25.5,25.7,24.74,01 Oct 2026,95.6,17 Apr 2017
2026-10-06,544380,CASHIETF,1082.56,1082.56,1082.42,05 Oct 2026,1082.56,06 Oct 2026
2026-10-06,544000,CCAL,52.64,52.64,51.61,05 Oct 2026,52.64,06 Oct 2026
2026-10-06,544442,CHEMKART,247.95,252.0,250.0,29 Sep 2026,262.0,14 Jul 2025
2026-10-06,531460,CONTICON,17.3,17.3,16.8,28 Sep 2026,36.45,09 Mar 2000
2026-10-06,533260,CPCAP,153.9,161.25,160.0,22 Sep 2026,711.0,07 Oct 2010
2026-10-06,544466,CPPLUS,3975.1,4188.5,4094.5,13 Aug 2026,4188.5,06 Oct 2026
2026-10-06,530843,CUPID,324.1,325.0,316.0,05 Oct 2026,2833.0,02 Mar 2024
2026-10-06,543593,DBOL,137.85,139.15,139.0,20 Aug 2026,229.0,19 Dec 2022
2026-10-06,532848,DELTACORP,84.48,88.5,87.99,30 Sep 2026,944.25,04 Jan 2008
2026-10-06,544823,DEVSON,372.05,372.05,363.35,09 Sep 2026,372.05,06 Oct 2026
2026-10-06,544201,DFPL,32.64,32.7,31.15,05 Oct 2026,144.2,05 Jul 2024
2026-10-06,506405,DMCC,355.85,374.0,332.9,08 May 2026,478.85,02 May 2022
2026-10-06,531471,DUKEOFS,92.82,92.82,91.0,05 Oct 2026,171.0,10 Apr 2017
2026-10-06,505242,DYNAMATECH,14260.3,14387.35,14365.5,05 Oct 2026,14387.35,06 Oct 2026
2026-10-06,523708,EIMCOELECO,2368.2,2414.3,2380.4,09 Oct 2025,3465.0,29 Jul 2024
2026-10-06,526468,EUROLED,25.45,26.86,26.72,24 Sep 2026,33.74,31 Jul 2024
2026-10-06,511628,FEDDERSHOL,64.32,76.0,72.79,22 Sep 2026,1164.0,17 Sep 2024
2026-10-06,506414,FERMENTA,569.35,582.95,579.65,10 Aug 2026,4095.0,25 Jun 2018
2026-10-06,544907,FINANCE,55.45,55.45,52.81,05 Oct 2026,55.45,06 Oct 2026
2026-10-06,541557,FINEORG,5532.1,5594.15,5405.0,30 Jun 2026,7326.45,14 Sep 2022
2026-10-06,532379,FIRSTFIN,14.86,14.86,14.16,05 Oct 2026,64.0,20 Oct 2011
2026-10-06,543312,FOCUS,290.0,290.0,285.0,28 Sep 2026,290.0,06 Oct 2026
2026-10-06,504697,GALADA,27.38,27.38,26.85,30 Sep 2026,110.0,19 Sep 1994
2026-10-06,539486,GEETANJ,10.83,10.83,10.32,05 Oct 2026,24.0,30 Jun 2016
2026-10-06,513343,GFSTEELS,35.35,35.35,34.66,05 Oct 2026,117.5,24 Aug 1992
2026-10-06,530663,GOYALASS,1.33,1.33,1.2,08 Oct 2025,77.0,17 Aug 1995
2026-10-06,500178,HARCR,42.78,42.78,41.95,05 Oct 2026,80.0,31 Mar 1992
2026-10-06,543973,HDFCLIQUID,1080.9,1080.92,1080.07,30 Sep 2026,1080.92,06 Oct 2026
2026-10-06,500183,HFCL,262.25,262.25,257.0,31 Aug 2026,2552.9,08 Mar 2000
2026-10-06,544741,HIGHNESS,262.05,262.05,256.95,05 Oct 2026,262.05,06 Oct 2026
2026-10-06,539984,HIIL,537.05,537.05,526.55,05 Oct 2026,6140.55,03 Sep 2021
2026-10-06,544943,HNIL,135.1,135.1,128.7,05 Oct 2026,135.1,06 Oct 2026
2026-10-06,543916,HSIL,633.55,633.55,629.75,24 Sep 2026,633.55,06 Oct 2026
2026-10-06,524648,INDOAMIN,161.5,168.15,152.8,28 Sep 2026,374.05,30 Jul 2021
2026-10-06,544837,INDOMIM,1349.7,1359.5,1355.9,25 Sep 2026,1359.5,06 Oct 2026
2026-10-06,533315,INOVSYNTH,160.5,160.5,160.45,05 Oct 2026,160.5,06 Oct 2026
2026-10-06,532825,JAGJANANI,6.97,6.97,6.95,13 Nov 2025,29.8,03 May 2007
2026-10-06,505840,JAIPAN,46.18,46.18,45.28,05 Oct 2026,610.0,24 Jun 1996
2026-10-06,514318,JATTAINDUS,646.9,670.0,664.0,23 Sep 2026,670.0,06 Oct 2026
2026-10-06,543544,JAYANT,114.59,114.59,110.74,27 Oct 2025,675.0,10 Nov 2022
2026-10-06,500306,JAYKAY,239.8,243.0,230.0,05 Oct 2026,244.0,04 Nov 2025
2026-10-06,539225,JIYAECO,14.26,14.26,13.59,24 Sep 2026,158.0,30 May 2018
2026-10-06,544853,JNPR,280.25,284.7,282.8,30 Sep 2026,284.7,06 Oct 2026
2026-10-06,544935,JSIPL,189.0,189.0,180.0,05 Oct 2026,189.0,06 Oct 2026
2026-10-06,544911,KANOHAR,941.15,1048.35,1048.0,05 Oct 2026,1048.35,06 Oct 2026
2026-10-06,544917,KARAMTARA,439.85,445.15,433.85,05 Oct 2026,445.15,06 Oct 2026
2026-10-06,524500,KILITCH,261.3,267.7,248.25,05 Oct 2026,500.05,28 May 2025
2026-10-06,524019,KINGFA,6932.8,6994.8,6685.0,05 Oct 2026,6994.8,06 Oct 2026
2026-10-06,543273,KMEW,3201.35,3245.0,3221.95,07 Sep 2026,3754.0,16 Dec 2025
2026-10-06,544879,LALITHAA,405.15,408.4,405.8,05 Oct 2026,408.4,06 Oct 2026
2026-10-06,544839,LCL,627.9,634.6,608.35,25 Sep 2026,634.6,06 Oct 2026
2026-10-06,544284,LIQUIDPLUS,1106.33,1106.33,1106.29,11 May 2026,1106.33,06 Oct 2026
2026-10-06,532740,LOKESHMACH,454.7,470.65,451.6,05 Oct 2026,475.0,23 Apr 2024
2026-10-06,544469,LOTUSDEV,244.0,247.7,238.9,05 Oct 2026,247.7,06 Oct 2026
2026-10-06,544248,MACHLTD,222.8,232.0,213.0,28 Sep 2026,314.0,11 Sep 2024
2026-10-06,543291,MAFANG,276.75,283.0,261.36,05 Oct 2026,283.0,06 Oct 2026
2026-10-06,512377,MAGANTR,0.28,0.28,0.27,05 Oct 2026,5.64,09 Aug 2024
2026-10-06,531515,MAHANIN,30.73,30.73,29.27,05 Oct 2026,45.9,08 Jul 1996
2026-10-06,544929,MANIKA,51.23,51.38,43.15,24 Sep 2026,51.38,06 Oct 2026
2026-10-06,532629,MBECL,493.65,513.75,503.7,05 Oct 2026,513.75,06 Oct 2026
2026-10-06,530757,MIDAAS,145.5,145.5,138.6,05 Oct 2026,145.5,06 Oct 2026
2026-10-06,512267,MMWL,17.28,17.28,16.49,26 Aug 2026,540.25,26 Aug 2002
2026-10-06,500288,MOREPENLAB,143.75,145.25,137.5,05 Oct 2026,1209.0,11 Feb 2000
2026-10-06,532470,MPFSL,9.78,9.78,9.32,28 Sep 2026,96.09,14 Oct 2024
2026-10-06,544851,MVELECTRO,933.5,969.0,947.55,09 Sep 2026,969.0,06 Oct 2026
2026-10-06,535205,MYSTICELE,4.08,4.78,4.68,11 Sep 2026,610.0,06 Jun 2014
2026-10-06,531289,NATFIT,341.3,343.5,330.0,01 Oct 2026,343.5,06 Oct 2026
2026-10-06,508867,NEWMKTAVE,101.13,101.13,99.15,05 Oct 2026,101.13,06 Oct 2026
2026-10-06,539200,NOBPOL,18.3,18.3,17.95,05 Oct 2026,129.6,12 Aug 2015
2026-10-06,544278,OCCLLTD,206.9,206.95,201.95,05 Oct 2026,206.95,06 Oct 2026
2026-10-06,533632,ONELIFECAP,45.25,45.5,43.57,05 Oct 2026,848.9,25 Oct 2012
2026-10-06,530135,OPTIEMUS,889.9,925.7,850.05,23 Sep 2026,925.7,06 Oct 2026
2026-10-06,543997,ORGANICREC,204.8,214.0,213.0,01 Oct 2026,400.0,20 Dec 2024
2026-10-06,511734,PASUFIN,27.54,27.54,27.34,05 Oct 2026,50.0,27 Jan 2010
2026-10-06,544460,PATELCHEM,148.35,149.9,141.65,05 Oct 2026,149.9,06 Oct 2026
2026-10-06,517172,PERVASIVE,12.58,12.58,12.34,05 Oct 2026,35.0,03 Nov 1992
2026-10-06,500143,PHCAP,1328.5,1362.0,1355.0,05 Oct 2026,1362.0,06 Oct 2026
2026-10-06,509084,PHOTON,403.7,403.7,395.8,05 Oct 2026,403.7,06 Oct 2026
2026-10-06,544966,PIND,75.24,79.2,,,79.2,06 Oct 2026
2026-10-06,505502,PSITINFRA,1.96,1.98,1.95,05 Oct 2026,592.6,20 Aug 2014
2026-10-06,544367,QPOWER,1645.45,1679.95,1672.4,30 Sep 2026,1679.95,06 Oct 2026
2026-10-06,500357,RAMAPPR-B,16.72,18.4,18.25,05 Oct 2026,108.8,10 Oct 2011
2026-10-06,544803,RAMBHAJO,330.25,331.85,317.0,05 Oct 2026,331.85,06 Oct 2026
2026-10-06,544237,RAPID,150.25,150.25,147.35,19 Feb 2026,150.25,06 Oct 2026
2026-10-06,500330,RAYMOND,1293.85,1338.3,1311.85,05 Oct 2026,3493.0,08 Jul 2024
2026-10-06,540175,REGENCY,54.34,56.0,53.29,30 Sep 2026,56.0,06 Oct 2026
2026-10-06,544294,ROSSTECH,1617.45,1697.3,1625.0,05 Oct 2026,1697.3,06 Oct 2026
2026-10-06,544958,SAIURJA,147.45,147.45,140.45,05 Oct 2026,147.45,06 Oct 2026
2026-10-06,543897,SANCODE,850.0,850.05,833.4,01 Oct 2026,850.05,06 Oct 2026
2026-10-06,542725,SBC,61.6,64.42,63.1,05 Oct 2026,208.1,11 Jan 2022
2026-10-06,543782,SEALMATIC,458.05,467.5,463.95,21 Apr 2026,869.0,16 Feb 2024
2026-10-06,512399,SERA,60.12,64.01,62.0,05 Oct 2026,432.15,27 Apr 2023
2026-10-06,544963,SHAHINVEST,173.75,179.55,,,179.55,06 Oct 2026
2026-10-06,544459,SHANTIGOLD,337.25,338.55,333.0,25 Sep 2026,338.55,06 Oct 2026
2026-10-06,544967,SHIVCHEM,58.9,62.0,,,62.0,06 Oct 2026
2026-10-06,544490,SHREEJISPG,797.3,800.0,787.3,05 Oct 2026,800.0,06 Oct 2026
2026-10-06,524632,SHUKRAPHAR,72.48,75.5,73.72,05 Oct 2026,388.0,07 Mar 2024
2026-10-06,532408,SIGMAADV,1119.4,1165.0,1127.3,05 Oct 2026,1165.0,06 Oct 2026
2026-10-06,540132,SIIL,19.84,19.84,18.9,05 Oct 2026,36.52,11 Nov 2024
2026-10-06,540269,SKL,16.4,16.4,16.0,05 Oct 2026,19.4,16 Jan 2018
2026-10-06,541967,SKYGOLD,858.8,876.7,868.0,26 Aug 2026,4680.0,12 Dec 2024
2026-10-06,543263,SMCGLOBAL,110.69,120.08,118.8,05 Oct 2026,182.0,10 Jun 2024
2026-10-06,531548,SOMANYCERA,624.6,630.6,626.5,05 Oct 2026,973.8,05 Jan 2018
2026-10-06,521036,SOURCEIND,72.8,72.8,71.38,05 Oct 2026,72.8,06 Oct 2026
2026-10-06,544965,SRIT,155.05,155.05,,,155.05,06 Oct 2026
2026-10-06,513262,SSWL,424.0,434.05,418.25,01 Oct 2026,1990.0,01 Sep 2021
2026-10-06,544914,STEAMHOUSE,118.45,118.45,117.63,25 Sep 2026,118.45,06 Oct 2026
2026-10-06,532374,STLTECH,1015.45,1049.55,1002.0,05 Oct 2026,1179.85,09 Nov 2000
2026-10-06,500404,SUNFLAG,459.3,474.15,470.15,30 Sep 2026,474.15,06 Oct 2026
2026-10-06,543373,SVRL,697.25,700.0,689.0,05 Oct 2026,700.0,06 Oct 2026
2026-10-06,543321,TATVA,1884.15,1895.0,1880.45,28 Sep 2026,2975.55,03 Nov 2021
2026-10-06,500414,TIMEX,732.15,758.8,747.65,23 Sep 2026,758.8,06 Oct 2026
2026-10-06,544740,TIPCO,321.95,337.0,336.85,30 Sep 2026,337.0,06 Oct 2026
2026-10-06,508963,TRUSTWAVE,259.0,259.0,253.95,05 Oct 2026,259.0,06 Oct 2026
2026-10-06,531411,TUNITEX,2.22,2.22,2.18,05 Oct 2026,329.4,06 Apr 2011
2026-10-06,544322,UNIMECH,1866.3,1900.0,1866.75,22 Sep 2026,1900.0,06 Oct 2026
2026-10-06,530579,UYFINCORP,23.03,24.46,24.11,05 Oct 2026,54.25,20 Jan 2012
2026-10-06,544923,VEEGALAND,148.95,154.0,153.95,18 Sep 2026,154.0,06 Oct 2026
2026-10-06,526755,VELHO,7.21,7.59,7.51,13 Aug 2026,67.4,23 Feb 2010
2026-10-06,505232,VELJAN,2482.45,2482.45,2364.4,05 Oct 2026,4200.0,28 Mar 2024
2026-10-06,544310,YASHHV,1211.15,1222.95,1168.0,05 Oct 2026,1222.95,06 Oct 2026
2026-10-06,522108,YUKEN,1239.45,1335.3,1158.0,01 Oct 2026,4990.0,30 Jan 2018
2026-10-07,543083,09MPD,14.21,14.21,12.92,06 Oct 2026,14.21,07 Oct 2026
2026-10-07,524412,AAREYDRUGS,107.4,110.0,108.4,06 Oct 2026,143.95,12 Sep 2017
2026-10-07,532057,ABHICAP,146.45,152.15,151.1,05 Oct 2026,301.15,13 Jun 2022
2026-10-07,544962,ACEVECTOR,31.09,31.09,28.68,05 Oct 2026,31.09,07 Oct 2026
2026-10-07,544964,ACMEUNIV,111.35,111.35,106.05,06 Oct 2026,111.35,07 Oct 2026
2026-10-07,522150,ADTYFRG,40.04,40.04,38.14,06 Oct 2026,40.04,07 Oct 2026
2026-10-07,526331,ADVMULT,161.0,161.0,153.35,06 Oct 2026,161.0,07 Oct 2026
2026-10-07,506947,ADVPETR-B,1005.75,1005.75,957.9,06 Oct 2026,1005.75,07 Oct 2026
2026-10-07,544743,AEROPLANE,218.65,219.1,216.9,05 Oct 2026,219.1,07 Oct 2026
2026-10-07,544767,AFLTD,115.75,115.75,110.24,06 Oct 2026,115.75,07 Oct 2026
2026-10-07,524634,ALUFLUOR,649.1,650.0,648.35,29 Sep 2026,650.0,07 Oct 2026
2026-10-07,544555,AMEENJI,290.0,292.65,289.0,06 Oct 2026,292.65,07 Oct 2026
2026-10-07,532870,ANKITMETAL,2.43,2.43,2.32,06 Oct 2026,107.5,28 May 2008
2026-10-07,501270,ANTARIKSH,20.44,20.44,20.04,06 Oct 2026,20.44,07 Oct 2026
2026-10-07,544529,APPL,385.2,385.2,370.5,01 Oct 2026,446.8,07 May 2026
2026-10-07,544921,ARCIL,160.25,160.25,157.0,24 Sep 2026,160.25,07 Oct 2026
2026-10-07,544812,ATHARVA,131.45,131.45,128.05,01 Oct 2026,131.45,07 Oct 2026
2026-10-07,530889,AUDROC,24.02,24.02,23.55,06 Oct 2026,30.0,17 Aug 1995
2026-10-07,517230,AURIQUE,45.31,45.31,43.16,06 Oct 2026,140.0,20 Oct 1994
2026-10-07,540649,AVADHSUGAR,936.05,947.0,903.05,06 Oct 2026,1315.0,07 Nov 2017
2026-10-07,511144,AXISOL,652.65,679.25,667.75,20 Aug 2026,679.25,07 Oct 2026
2026-10-07,532989,BAFNAPH,408.55,408.55,400.55,06 Oct 2026,408.55,07 Oct 2026
2026-10-07,544369,BEEZAASAN,769.35,769.35,754.3,06 Oct 2026,769.35,07 Oct 2026
2026-10-07,500103,BHEL,448.9,455.9,453.8,06 Oct 2026,2925.0,07 Nov 2007
2026-10-07,544972,BLACKOPAL,206.3,210.0,,,210.0,07 Oct 2026
2026-10-07,544000,CCAL,53.69,53.69,52.64,06 Oct 2026,53.69,07 Oct 2026
2026-10-07,542678,CHCL,25.45,25.45,24.96,05 Oct 2026,62.9,23 May 2019
2026-10-07,533260,CPCAP,155.5,163.75,161.25,06 Oct 2026,711.0,07 Oct 2010
2026-10-07,530843,CUPID,344.0,345.05,325.0,06 Oct 2026,2833.0,02 Mar 2024
2026-10-07,543933,CYIENTDLM,989.4,1013.55,1009.9,08 Sep 2026,1013.55,07 Oct 2026
2026-10-07,543593,DBOL,140.0,142.45,139.15,06 Oct 2026,229.0,19 Dec 2022
2026-10-07,544903,DEEPA,226.95,242.6,222.1,08 Sep 2026,242.6,07 Oct 2026
2026-10-07,544823,DEVSON,390.65,390.65,372.05,06 Oct 2026,390.65,07 Oct 2026
2026-10-07,544201,DFPL,31.11,33.1,32.7,06 Oct 2026,144.2,05 Jul 2024
2026-10-07,544161,DPABHUSHAN,2264.15,2341.0,2200.0,05 Oct 2026,2341.0,07 Oct 2026
2026-10-07,531471,DUKEOFS,94.67,94.67,92.82,06 Oct 2026,171.0,10 Apr 2017
2026-10-07,544783,E2E,723.75,723.75,697.0,17 Aug 2026,723.75,07 Oct 2026
2026-10-07,544455,EBGNG,732.1,734.8,728.85,23 Sep 2026,734.8,07 Oct 2026
2026-10-07,523708,EIMCOELECO,2252.2,2445.0,2414.3,06 Oct 2026,3465.0,29 Jul 2024
2026-10-07,543626,EMIL,211.4,212.6,211.6,05 Oct 2026,261.75,09 Jul 2024
2026-10-07,526227,FILATEX,111.45,114.3,113.9,29 Sep 2026,251.35,05 Jan 2018
2026-10-07,544907,FINANCE,58.22,58.22,55.45,06 Oct 2026,58.22,07 Oct 2026
2026-10-07,541557,FINEORG,5632.25,5661.95,5594.15,06 Oct 2026,7326.45,14 Sep 2022
2026-10-07,532379,FIRSTFIN,14.93,15.6,14.86,06 Oct 2026,64.0,20 Oct 2011
2026-10-07,543312,FOCUS,300.0,300.0,290.0,06 Oct 2026,300.0,07 Oct 2026
2026-10-07,504697,GALADA,27.92,27.92,27.38,06 Oct 2026,110.0,19 Sep 1994
2026-10-07,539486,GEETANJ,11.37,11.37,10.83,06 Oct 2026,24.0,30 Jun 2016
2026-10-07,513343,GFSTEELS,36.05,36.05,35.35,06 Oct 2026,117.5,24 Aug 1992
2026-10-07,543245,GLAND,3151.95,3171.0,3041.95,07 Sep 2026,4350.0,12 Aug 2021
2026-10-07,530663,GOYALASS,1.29,1.5,1.33,06 Oct 2026,77.0,17 Aug 1995
2026-10-07,590159,GROWWLIQID,111.06,111.06,111.03,05 Oct 2026,111.06,07 Oct 2026
2026-10-07,543875,GSEC10YEAR,30.39,31.8,30.72,26 Aug 2026,31.8,07 Oct 2026
2026-10-07,500178,HARCR,43.63,43.63,42.78,06 Oct 2026,80.0,31 Mar 1992
2026-10-07,543973,HDFCLIQUID,1081.05,1081.07,1080.92,06 Oct 2026,1081.07,07 Oct 2026
2026-10-07,539984,HIIL,547.75,547.75,537.05,06 Oct 2026,6140.55,03 Sep 2021
2026-10-07,526217,HITECHCORP,347.0,355.0,348.95,01 Oct 2026,355.0,07 Oct 2026
2026-10-07,543916,HSIL,665.2,665.2,633.55,06 Oct 2026,665.2,07 Oct 2026
2026-10-07,544891,HTEL,88.26,88.58,85.6,15 Sep 2026,88.58,07 Oct 2026
2026-10-07,500201,INDIAGLYCO,382.4,382.4,326.1,28 Sep 2026,2139.3,30 Jun 2025
2026-10-07,544837,INDOMIM,1357.55,1372.7,1359.5,06 Oct 2026,1372.7,07 Oct 2026
2026-10-07,533315,INOVSYNTH,163.45,163.7,160.5,06 Oct 2026,163.7,07 Oct 2026
2026-10-07,544970,INSURADD,14.65,14.7,,,14.7,07 Oct 2026
2026-10-07,524164,IOLCP,220.4,224.0,219.05,08 Sep 2026,898.4,25 Aug 2020
2026-10-07,532825,JAGJANANI,7.05,7.31,6.97,06 Oct 2026,29.8,03 May 2007
2026-10-07,505840,JAIPAN,47.1,47.1,46.18,06 Oct 2026,610.0,24 Jun 1996
2026-10-07,520051,JAMNAAUTO,151.8,153.9,152.5,16 Feb 2026,293.5,08 Aug 2017
2026-10-07,514318,JATTAINDUS,672.65,774.95,670.0,06 Oct 2026,774.95,07 Oct 2026
2026-10-07,543544,JAYANT,120.31,120.31,114.59,06 Oct 2026,675.0,10 Nov 2022
2026-10-07,500306,JAYKAY,262.4,272.55,243.0,06 Oct 2026,272.55,07 Oct 2026
2026-10-07,544935,JSIPL,198.45,198.45,189.0,06 Oct 2026,198.45,07 Oct 2026
2026-10-07,544911,KANOHAR,1089.3,1129.35,1048.35,06 Oct 2026,1129.35,07 Oct 2026
2026-10-07,544917,KARAMTARA,415.9,446.0,445.15,06 Oct 2026,446.0,07 Oct 2026
2026-10-07,524500,KILITCH,256.15,267.9,267.7,06 Oct 2026,500.05,28 May 2025
2026-10-07,524520,KMCSHIL,183.3,185.0,178.4,01 Oct 2026,185.0,07 Oct 2026
2026-10-07,543273,KMEW,3210.05,3260.0,3245.0,06 Oct 2026,3754.0,16 Dec 2025
2026-10-07,544139,KOURA,55.5,55.5,53.5,06 Oct 2026,78.75,14 Mar 2024
2026-10-07,544895,KWICK,213.25,217.0,212.66,30 Sep 2026,217.0,07 Oct 2026
2026-10-07,544879,LALITHAA,394.7,414.3,408.4,06 Oct 2026,414.3,07 Oct 2026
2026-10-07,540222,LAURUSLABS,2055.0,2063.95,2054.55,24 Sep 2026,2063.95,07 Oct 2026
2026-10-07,544839,LCL,623.95,638.15,634.6,06 Oct 2026,638.15,07 Oct 2026
2026-10-07,544284,LIQUIDPLUS,1106.48,1106.48,1106.33,06 Oct 2026,1106.48,07 Oct 2026
2026-10-07,532740,LOKESHMACH,465.35,475.15,470.65,06 Oct 2026,475.15,07 Oct 2026
2026-10-07,543291,MAFANG,295.39,297.0,283.0,06 Oct 2026,297.0,07 Oct 2026
2026-10-07,512377,MAGANTR,0.29,0.29,0.28,06 Oct 2026,5.64,09 Aug 2024
2026-10-07,500268,MANALIPETC,90.45,92.99,92.7,06 Oct 2026,149.5,21 Apr 2022
2026-10-07,544929,MANIKA,58.7,60.9,51.38,06 Oct 2026,60.9,07 Oct 2026
2026-10-07,530757,MIDAAS,152.75,152.75,145.5,06 Oct 2026,152.75,07 Oct 2026
2026-10-07,544868,MILKYMIST,334.45,334.45,333.15,24 Sep 2026,334.45,07 Oct 2026
2026-10-07,512267,MMWL,18.14,18.14,17.28,06 Oct 2026,540.25,26 Aug 2002
2026-10-07,519287,MODAIRY,55.4,55.93,54.48,18 Sep 2026,212.15,20 Sep 2007
2026-10-07,500288,MOREPENLAB,146.8,150.8,145.25,06 Oct 2026,1209.0,11 Feb 2000
2026-10-07,500460,MUKANDLTD,185.85,191.0,189.8,05 Oct 2026,500.0,02 Apr 1992
2026-10-07,531289,NATFIT,338.9,353.9,343.5,06 Oct 2026,353.9,07 Oct 2026
2026-10-07,531049,NEELKAN,65.78,72.67,70.19,29 Sep 2026,72.67,07 Oct 2026
2026-10-07,508867,NEWMKTAVE,103.15,103.15,101.13,06 Oct 2026,103.15,07 Oct 2026
2026-10-07,539200,NOBPOL,18.66,18.66,18.3,06 Oct 2026,129.6,12 Aug 2015
2026-10-07,544278,OCCLLTD,216.75,217.2,206.95,06 Oct 2026,217.2,07 Oct 2026
2026-10-07,500313,OILCOUNTUB,82.76,82.76,81.14,06 Oct 2026,144.6,18 Jan 2010
2026-10-07,533632,ONELIFECAP,47.27,47.51,45.5,06 Oct 2026,848.9,25 Oct 2012
2026-10-07,530365,ORIENTBELL,434.95,440.85,434.35,07 Sep 2026,831.0,20 Jul 2022
2026-10-07,544657,PAJSON,289.95,289.95,255.0,09 Feb 2026,289.95,07 Oct 2026
2026-10-07,539121,PALCO,221.8,221.8,193.2,02 Jan 2026,281.95,24 Dec 2024
2026-10-07,511734,PASUFIN,28.09,28.09,27.54,06 Oct 2026,50.0,27 Jan 2010
2026-10-07,544460,PATELCHEM,143.55,152.0,149.9,06 Oct 2026,152.0,07 Oct 2026
2026-10-07,517172,PERVASIVE,12.83,12.83,12.58,06 Oct 2026,35.0,03 Nov 1992
2026-10-07,509084,PHOTON,411.75,411.75,403.7,06 Oct 2026,411.75,07 Oct 2026
2026-10-07,544718,PNGSREVA,637.05,655.95,641.65,12 Aug 2026,655.95,07 Oct 2026
2026-10-07,513532,PRADPME,624.95,650.75,596.0,02 Jul 2026,650.75,07 Oct 2026
2026-10-07,519299,PRIMIND,107.24,107.24,102.14,06 Oct 2026,282.95,04 Mar 2024
2026-10-07,544899,PRIORITY,319.5,341.3,328.8,25 Sep 2026,341.3,07 Oct 2026
2026-10-07,505502,PSITINFRA,1.98,1.99,1.98,06 Oct 2026,592.6,20 Aug 2014
2026-10-07,539006,PTCIL,24716.2,24813.15,24143.0,04 Sep 2026,24813.15,07 Oct 2026
2026-10-07,532689,PVRINOX,1344.55,1373.3,1355.0,21 Sep 2026,2211.55,04 Aug 2022
2026-10-07,524502,RAAJMEDI,105.0,105.0,104.45,02 Sep 2026,122.6,11 Oct 2024
2026-10-07,511185,RAJVI,36.23,36.23,34.51,30 Sep 2026,36.23,07 Oct 2026
2026-10-07,544924,RAKSAN,293.0,298.0,286.65,18 Sep 2026,298.0,07 Oct 2026
2026-10-07,544803,RAMBHAJO,361.75,363.25,331.85,06 Oct 2026,363.25,07 Oct 2026
2026-10-07,544237,RAPID,157.8,157.8,150.25,06 Oct 2026,157.8,07 Oct 2026
2026-10-07,540175,REGENCY,52.94,59.5,56.0,06 Oct 2026,59.5,07 Oct 2026
2026-10-07,532124,RELIABVEN,33.13,38.89,37.05,08 Jun 2026,155.0,08 Feb 2007
2026-10-07,544915,RENTOMOJO,621.15,644.15,581.45,18 Sep 2026,644.15,07 Oct 2026
2026-10-07,531888,REXNORD,114.23,121.0,109.5,25 Sep 2026,175.0,29 May 2023
2026-10-07,517286,RNITAI,114.1,114.1,111.95,01 Oct 2026,120.0,17 Oct 1994
2026-10-07,530179,RSCINT,110.25,110.25,108.2,01 Oct 2026,110.25,07 Oct 2026
2026-10-07,540082,RSTL,283.0,283.0,276.1,19 Feb 2026,395.0,11 Feb 2026
2026-10-07,503169,RUBYMILLS,511.2,522.0,521.15,28 Sep 2026,10250.0,14 Oct 1992
2026-10-07,544958,SAIURJA,154.8,154.8,147.45,06 Oct 2026,154.8,07 Oct 2026
2026-10-07,544685,SHADOWFAX,292.4,296.35,291.9,24 Sep 2026,296.35,07 Oct 2026
2026-10-07,544459,SHANTIGOLD,340.9,351.0,338.55,06 Oct 2026,351.0,07 Oct 2026
2026-10-07,544490,SHREEJISPG,802.4,809.45,800.0,06 Oct 2026,809.45,07 Oct 2026
2026-10-07,540132,SIIL,20.23,20.23,19.84,06 Oct 2026,36.52,11 Nov 2024
2026-10-07,544810,SILL,142.1,142.1,120.99,28 Sep 2026,142.1,07 Oct 2026
2026-10-07,541967,SKYGOLD,876.85,895.0,876.7,06 Oct 2026,4680.0,12 Dec 2024
2026-10-07,531548,SOMANYCERA,620.4,632.9,630.6,06 Oct 2026,973.8,05 Jan 2018
2026-10-07,521036,SOURCEIND,74.25,74.25,72.8,06 Oct 2026,74.25,07 Oct 2026
2026-10-07,544914,STEAMHOUSE,125.45,126.85,118.45,06 Oct 2026,126.85,07 Oct 2026
2026-10-07,532374,STLTECH,1019.5,1054.45,1049.55,06 Oct 2026,1179.85,09 Nov 2000
2026-10-07,544267,SUBAM,246.45,248.4,246.0,28 Sep 2026,248.4,07 Oct 2026
2026-10-07,500404,SUNFLAG,474.65,479.0,474.15,06 Oct 2026,479.0,07 Oct 2026
2026-10-07,543321,TATVA,1994.5,1999.0,1895.0,06 Oct 2026,2975.55,03 Nov 2021
2026-10-07,544174,TBOTEK,1705.1,1771.0,1764.0,21 Nov 2025,2000.0,04 Sep 2024
2026-10-07,505400,TEXINFRA,121.4,126.9,126.55,23 Sep 2026,1965.5,02 Jan 2008
2026-10-07,526650,TFCILTD,152.15,154.0,148.6,30 Sep 2026,364.9,15 Sep 2025
2026-10-07,544408,THELEELA,602.6,607.95,588.35,01 Sep 2026,607.95,07 Oct 2026
2026-10-07,508963,TRUSTWAVE,264.15,264.15,259.0,06 Oct 2026,264.15,07 Oct 2026
2026-10-07,531411,TUNITEX,2.26,2.26,2.22,06 Oct 2026,329.4,06 Apr 2011
2026-10-07,540145,VALIANTORG,480.4,507.9,502.7,05 Oct 2026,3851.0,05 Nov 2020
2026-10-07,544971,VANS,235.4,235.4,,,235.4,07 Oct 2026
2026-10-07,505232,VELJAN,2606.55,2606.55,2482.45,06 Oct 2026,4200.0,28 Mar 2024
2026-10-07,544939,VIVEKANAND,45.11,45.11,45.0,05 Oct 2026,45.11,07 Oct 2026
2026-10-07,509038,VOLLF,23.46,23.46,23.35,23 Sep 2026,40.55,14 Sep 2015
2026-10-07,514162,WELSPUNLIV,235.85,245.7,245.0,01 Oct 2026,1007.15,14 Mar 2016
2026-10-07,526959,WOODSVILA,16.07,16.07,15.31,22 Jul 2026,49.0,22 Feb 2011
2026-10-07,544310,YASHHV,1194.35,1229.0,1222.95,06 Oct 2026,1229.0,07 Oct 2026
2026-10-07,544563,ZELIO,1099.8,1099.8,1099.5,29 Sep 2026,1099.8,07 Oct 2026
2026-10-07,541400,ZIMLAB,146.5,152.0,145.0,01 Oct 2026,480.0,02 Jul 2018
2026-10-08,543083,09MPD,15.63,15.63,14.21,07 Oct 2026,15.63,08 Oct 2026
2026-10-08,532057,ABHICAP,153.75,153.75,152.15,07 Oct 2026,301.15,13 Jun 2022
2026-10-08,538935,ABHIFIN,68.1,75.22,73.5,05 Oct 2026,79.41,16 Oct 2024
2026-10-08,544710,ACCORDTS,91.0,98.13,96.99,28 Sep 2026,98.13,08 Oct 2026
2026-10-08,544962,ACEVECTOR,29.17,33.31,31.09,07 Oct 2026,33.31,08 Oct 2026
2026-10-08,544964,ACMEUNIV,116.91,116.91,111.35,07 Oct 2026,116.91,08 Oct 2026
2026-10-08,522150,ADTYFRG,42.04,42.04,40.04,07 Oct 2026,42.04,08 Oct 2026
2026-10-08,526331,ADVMULT,169.05,169.05,161.0,07 Oct 2026,169.05,08 Oct 2026
2026-10-08,506947,ADVPETR-B,1055.15,1056.0,1005.75,07 Oct 2026,1056.0,08 Oct 2026
2026-10-08,544743,AEROPLANE,215.05,220.55,219.1,07 Oct 2026,220.55,08 Oct 2026
2026-10-08,544767,AFLTD,120.5,121.0,115.75,07 Oct 2026,121.0,08 Oct 2026
2026-10-08,524634,ALUFLUOR,639.4,659.7,650.0,07 Oct 2026,659.7,08 Oct 2026
2026-10-08,539265,AMRAFIN,42.48,42.48,40.46,01 Oct 2026,128.0,11 Aug 2016
2026-10-08,532870,ANKITMETAL,2.55,2.55,2.43,07 Oct 2026,107.5,28 May 2008
2026-10-08,501270,ANTARIKSH,20.84,20.84,20.44,07 Oct 2026,20.84,08 Oct 2026
2026-10-08,544529,APPL,401.5,403.95,385.2,07 Oct 2026,446.8,07 May 2026
2026-10-08,544921,ARCIL,157.0,164.45,160.25,07 Oct 2026,164.45,08 Oct 2026
2026-10-08,539151,ARFIN,107.29,112.34,106.24,12 May 2026,1384.7,27 Oct 2017
2026-10-08,530889,AUDROC,24.5,24.5,24.02,07 Oct 2026,30.0,17 Aug 1995
2026-10-08,544888,AUGMONT,1266.75,1275.65,1263.7,05 Oct 2026,1275.65,08 Oct 2026
2026-10-08,517230,AURIQUE,47.57,47.57,45.31,07 Oct 2026,140.0,20 Oct 1994
2026-10-08,540649,AVADHSUGAR,934.2,978.0,947.0,07 Oct 2026,1315.0,07 Nov 2017
2026-10-08,532380,BABA,17.7,18.8,17.24,09 Jul 2026,75.0,03 Aug 2007
2026-10-08,532989,BAFNAPH,416.7,416.7,408.55,07 Oct 2026,416.7,08 Oct 2026
2026-10-08,523398,BOSCH-HCIL,1944.2,2035.75,2031.9,05 Oct 2026,3375.0,04 Mar 2020
2026-10-08,544000,CCAL,54.76,54.76,53.69,07 Oct 2026,54.76,08 Oct 2026
2026-10-08,539230,CHEMIESYNT,108.82,108.82,103.64,01 Oct 2026,108.82,08 Oct 2026
2026-10-08,507515,CJGEL,27.96,29.39,29.0,09 Sep 2026,60.0,19 Feb 1992
2026-10-08,530843,CUPID,356.7,357.45,345.05,07 Oct 2026,2833.0,02 Mar 2024
2026-10-08,543593,DBOL,140.25,143.2,142.45,07 Oct 2026,229.0,19 Dec 2022
2026-10-08,544823,DEVSON,372.4,399.0,390.65,07 Oct 2026,399.0,08 Oct 2026
2026-10-08,544908,DOLLEX,37.9,45.4,41.99,30 Sep 2026,45.4,08 Oct 2026
2026-10-08,544975,DSL,104.8,111.0,,,111.0,08 Oct 2026
2026-10-08,531471,DUKEOFS,96.56,96.56,94.67,07 Oct 2026,171.0,10 Apr 2017
2026-10-08,544783,E2E,714.8,755.0,723.75,07 Oct 2026,755.0,08 Oct 2026
2026-10-08,544455,EBGNG,692.25,740.65,734.8,07 Oct 2026,740.65,08 Oct 2026
2026-10-08,544979,EIMS,119.7,126.97,,,126.97,08 Oct 2026
2026-10-08,543626,EMIL,193.15,212.7,212.6,07 Oct 2026,261.75,09 Jul 2024
2026-10-08,526468,EUROLED,26.74,26.94,26.86,06 Oct 2026,33.74,31 Jul 2024
2026-10-08,544907,FINANCE,61.13,61.13,58.22,07 Oct 2026,61.13,08 Oct 2026
2026-10-08,539730,FREDUN,1534.25,1666.35,1600.0,17 Aug 2026,2950.0,14 Jul 2026
2026-10-08,544941,FXML,132.5,133.2,130.0,30 Sep 2026,133.2,08 Oct 2026
2026-10-08,504697,GALADA,28.47,28.47,27.92,07 Oct 2026,110.0,19 Sep 1994
2026-10-08,513343,GFSTEELS,36.77,36.77,36.05,07 Oct 2026,117.5,24 Aug 1992
2026-10-08,590159,GROWWLIQID,111.08,111.08,111.06,07 Oct 2026,111.08,08 Oct 2026
2026-10-08,500178,HARCR,44.5,44.5,43.63,07 Oct 2026,80.0,31 Mar 1992
2026-10-08,543973,HDFCLIQUID,1081.22,1081.22,1081.07,07 Oct 2026,1081.22,08 Oct 2026
2026-10-08,544741,HIGHNESS,267.25,267.25,262.05,06 Oct 2026,267.25,08 Oct 2026
2026-10-08,539984,HIIL,558.7,558.7,547.75,07 Oct 2026,6140.55,03 Sep 2021
2026-10-08,500449,HOCL,53.2,56.5,55.6,01 Oct 2026,107.7,02 Jan 2008
2026-10-08,543916,HSIL,635.8,666.5,665.2,07 Oct 2026,666.5,08 Oct 2026
2026-10-08,544891,HTEL,96.81,103.67,88.58,07 Oct 2026,103.67,08 Oct 2026
2026-10-08,533520,IBULLSLTD,34.9,36.4,32.5,14 Jul 2026,785.0,11 Sep 2018
2026-10-08,500201,INDIAGLYCO,357.65,399.95,382.4,07 Oct 2026,2139.3,30 Jun 2025
2026-10-08,533315,INOVSYNTH,166.7,166.7,163.7,07 Oct 2026,166.7,08 Oct 2026
2026-10-08,544970,INSURADD,14.62,14.9,14.7,07 Oct 2026,14.9,08 Oct 2026
2026-10-08,543860,JAFINANCE,161.8,161.8,160.0,05 Oct 2026,178.55,19 May 2025
2026-10-08,505840,JAIPAN,48.04,48.04,47.1,07 Oct 2026,610.0,24 Jun 1996
2026-10-08,543544,JAYANT,125.07,126.31,120.31,07 Oct 2026,675.0,10 Nov 2022
2026-10-08,544935,JSIPL,178.65,218.25,198.45,07 Oct 2026,218.25,08 Oct 2026
2026-10-08,544911,KANOHAR,1184.1,1210.0,1129.35,07 Oct 2026,1210.0,08 Oct 2026
2026-10-08,530547,KENFIN,16.85,16.85,16.8,22 Jan 2026,167.75,31 Dec 2010
2026-10-08,524520,KMCSHIL,177.35,185.7,185.0,07 Oct 2026,185.7,08 Oct 2026
2026-10-08,543273,KMEW,3258.25,3304.6,3260.0,07 Oct 2026,3754.0,16 Dec 2025
2026-10-08,544895,KWICK,210.85,218.95,217.0,07 Oct 2026,218.95,08 Oct 2026
2026-10-08,544284,LIQUIDPLUS,1106.62,1106.63,1106.48,07 Oct 2026,1106.63,08 Oct 2026
2026-10-08,532740,LOKESHMACH,448.7,488.0,475.15,07 Oct 2026,488.0,08 Oct 2026
2026-10-08,543291,MAFANG,280.93,308.0,297.0,07 Oct 2026,308.0,08 Oct 2026
2026-10-08,512377,MAGANTR,0.3,0.3,0.29,07 Oct 2026,5.64,09 Aug 2024
2026-10-08,531515,MAHANIN,33.87,33.87,32.26,07 Oct 2026,45.9,08 Jul 1996
2026-10-08,544929,MANIKA,55.45,61.13,60.9,07 Oct 2026,61.13,08 Oct 2026
2026-10-08,523888,MEGAMONT,221.85,221.85,214.2,30 Sep 2026,221.85,08 Oct 2026
2026-10-08,530757,MIDAAS,160.35,160.35,152.75,07 Oct 2026,160.35,08 Oct 2026
2026-10-08,544868,MILKYMIST,327.25,345.0,334.45,07 Oct 2026,345.0,08 Oct 2026
2026-10-08,540078,MITSU,204.4,211.8,201.05,20 Aug 2026,374.7,13 Jan 2022
2026-10-08,512267,MMWL,19.95,19.95,18.14,07 Oct 2026,540.25,26 Aug 2002
2026-10-08,544953,MONEYVIEW,57.91,64.61,62.0,01 Oct 2026,64.61,08 Oct 2026
2026-10-08,532470,MPFSL,10.26,10.26,9.78,06 Oct 2026,96.09,14 Oct 2024
2026-10-08,531289,NATFIT,332.9,355.0,353.9,07 Oct 2026,355.0,08 Oct 2026
2026-10-08,508867,NEWMKTAVE,105.21,105.21,103.15,07 Oct 2026,105.21,08 Oct 2026
2026-10-08,544974,NITYAS,84.15,86.09,,,86.09,08 Oct 2026
2026-10-08,539200,NOBPOL,19.03,19.03,18.66,07 Oct 2026,129.6,12 Aug 2015
2026-10-08,544278,OCCLLTD,207.35,223.0,217.2,07 Oct 2026,223.0,08 Oct 2026
2026-10-08,500313,OILCOUNTUB,84.41,84.41,82.76,07 Oct 2026,144.6,18 Jan 2010
2026-10-08,544976,OMARA,319.05,334.0,,,334.0,08 Oct 2026
2026-10-08,533632,ONELIFECAP,49.63,49.63,47.51,07 Oct 2026,848.9,25 Oct 2012
2026-10-08,530365,ORIENTBELL,413.55,442.0,440.85,07 Oct 2026,831.0,20 Jul 2022
2026-10-08,544657,PAJSON,309.05,317.95,289.95,07 Oct 2026,317.95,08 Oct 2026
2026-10-08,539121,PALCO,231.2,264.7,221.8,07 Oct 2026,281.95,24 Dec 2024
2026-10-08,511734,PASUFIN,28.65,28.65,28.09,07 Oct 2026,50.0,27 Jan 2010
2026-10-08,517172,PERVASIVE,13.08,13.08,12.83,07 Oct 2026,35.0,03 Nov 1992
2026-10-08,500143,PHCAP,125.75,125.75,123.94,06 Oct 2026,1362.0,06 Oct 2026
2026-10-08,509084,PHOTON,419.95,419.95,411.75,07 Oct 2026,419.95,08 Oct 2026
2026-10-08,544718,PNGSREVA,702.15,738.4,655.95,07 Oct 2026,738.4,08 Oct 2026
2026-10-08,530361,PRABHHANS,68.85,68.85,65.58,07 Oct 2026,130.0,04 Mar 2025
2026-10-08,519299,PRIMIND,112.6,112.6,107.24,07 Oct 2026,282.95,04 Mar 2024
2026-10-08,505502,PSITINFRA,2.01,2.01,1.99,07 Oct 2026,592.6,20 Aug 2014
2026-10-08,544924,RAKSAN,285.65,298.95,298.0,07 Oct 2026,298.95,08 Oct 2026
2026-10-08,544803,RAMBHAJO,356.3,365.0,363.25,07 Oct 2026,365.0,08 Oct 2026
2026-10-08,544237,RAPID,162.0,162.5,157.8,07 Oct 2026,162.5,08 Oct 2026
2026-10-08,544915,RENTOMOJO,601.6,648.8,644.15,07 Oct 2026,648.8,08 Oct 2026
2026-10-08,530179,RSCINT,111.5,112.0,110.25,07 Oct 2026,112.0,08 Oct 2026
2026-10-08,540082,RSTL,289.5,290.0,283.0,07 Oct 2026,395.0,11 Feb 2026
2026-10-08,544958,SAIURJA,157.1,162.5,154.8,07 Oct 2026,162.5,08 Oct 2026
2026-10-08,543897,SANCODE,867.0,867.0,850.05,06 Oct 2026,867.0,08 Oct 2026
2026-10-08,542725,SBC,63.21,64.45,64.42,06 Oct 2026,208.1,11 Jan 2022
2026-10-08,544459,SHANTIGOLD,350.85,361.0,351.0,07 Oct 2026,361.0,08 Oct 2026
2026-10-08,544978,SHREETNB,57.0,60.0,,,60.0,08 Oct 2026
2026-10-08,540132,SIIL,19.83,20.63,20.23,07 Oct 2026,36.52,11 Nov 2024
2026-10-08,544810,SILL,132.0,144.95,142.1,07 Oct 2026,144.95,08 Oct 2026
2026-10-08,544980,SJP,73.01,77.91,,,77.91,08 Oct 2026
2026-10-08,540269,SKL,16.5,16.5,16.4,06 Oct 2026,19.4,16 Jan 2018
2026-10-08,541967,SKYGOLD,884.2,901.0,895.0,07 Oct 2026,4680.0,12 Dec 2024
2026-10-08,544977,SOLLFEGE,99.18,104.5,,,104.5,08 Oct 2026
2026-10-08,521036,SOURCEIND,75.73,75.73,74.25,07 Oct 2026,75.73,08 Oct 2026
2026-10-08,533107,SWANDEF,2745.2,2802.0,2800.0,24 Sep 2026,2802.0,08 Oct 2026
2026-10-08,544949,SWASTIKAIN,220.6,220.6,220.4,01 Oct 2026,220.6,08 Oct 2026
2026-10-08,543321,TATVA,1855.5,2001.0,1999.0,07 Oct 2026,2975.55,03 Nov 2021
2026-10-08,539519,TAVEXIA,1.18,1.25,1.24,21 Sep 2026,54.9,13 Oct 2021
2026-10-08,526650,TFCILTD,146.65,154.4,154.0,07 Oct 2026,364.9,15 Sep 2025
2026-10-08,507530,THAKKERS,31.02,31.02,29.55,03 Sep 2026,90.0,12 May 1999
2026-10-08,508963,TRUSTWAVE,269.4,269.4,264.15,07 Oct 2026,269.4,08 Oct 2026
2026-10-08,544971,VANS,247.15,247.15,235.4,07 Oct 2026,247.15,08 Oct 2026
2026-10-08,505232,VELJAN,2736.35,2736.85,2606.55,07 Oct 2026,4200.0,28 Mar 2024
2026-10-08,543528,VENUSPIPES,2131.35,2347.55,2344.95,21 Sep 2026,2489.95,03 Jun 2024
2026-10-08,544973,VNL,204.25,215.0,,,215.0,08 Oct 2026
2026-10-08,509038,VOLLF,23.92,23.92,23.46,07 Oct 2026,40.55,14 Sep 2015
2026-10-08,526959,WOODSVILA,16.87,16.87,16.07,07 Oct 2026,49.0,22 Feb 2011
2026-10-08,544563,ZELIO,1104.75,1121.75,1099.8,07 Oct 2026,1121.75,08 Oct 2026
